2026-08-23 16:06:35.282: [INFO] CurrentProfilePath: D:\Java_Devolpment\Projects\ShopSphere\.metadata\.plugins\org.eclipse.swt\EBWebView\Default
2026-08-23 16:06:35.282: [INFO] Profiles total count: 1
2026-08-23 16:06:35.283: [INFO] Profile: name=Profile 1 path=D:\Java_Devolpment\Projects\ShopSphere\.metadata\.plugins\org.eclipse.swt\EBWebView\Default lastActive=2026-08-23T16:06:02.939Z
2026-08-23 16:06:35.283: [INFO] LastUsedProfileDir: D:\Java_Devolpment\Projects\ShopSphere\.metadata\.plugins\org.eclipse.swt\EBWebView\Default
2026-08-23 16:06:35.283: [INFO] MostRecentlyActiveProfile: name=Profile 1 path=D:\Java_Devolpment\Projects\ShopSphere\.metadata\.plugins\org.eclipse.swt\EBWebView\Default lastActive=2026-08-23T16:06:02.939Z
2026-08-23 16:06:35.283: [INFO] OnDoneLoading sync enabled: 0
2026-08-23 16:06:35.283: [INFO] BookmarkModelLoaded, ids_reassigned: 0
2026-08-23 16:06:35.283: [INFO] BookmarksLoadDropped droppedNodes=0
2026-08-23 16:06:35.283: [INFO] BookmarksSnapshot Startup total=0 bar=0 other=0 mobile=0 showBar=0 showBarNTP=1
2026-08-23 16:06:35.467: [INFO] BookmarksSnapshot Shutdown total=0 bar=0 other=0 mobile=0 showBar=0 showBarNTP=1
2026-08-23 16:10:26.405: [INFO] CurrentProfilePath: D:\Java_Devolpment\Projects\ShopSphere\.metadata\.plugins\org.eclipse.swt\EBWebView\Default
2026-08-23 16:10:26.405: [INFO] Profiles total count: 1
2026-08-23 16:10:26.405: [INFO] Profile: name=Profile 1 path=D:\Java_Devolpment\Projects\ShopSphere\.metadata\.plugins\org.eclipse.swt\EBWebView\Default lastActive=2026-08-23T16:06:02.939Z
2026-08-23 16:10:26.405: [INFO] LastUsedProfileDir: D:\Java_Devolpment\Projects\ShopSphere\.metadata\.plugins\org.eclipse.swt\EBWebView\Default
2026-08-23 16:10:26.405: [INFO] MostRecentlyActiveProfile: name=Profile 1 path=D:\Java_Devolpment\Projects\ShopSphere\.metadata\.plugins\org.eclipse.swt\EBWebView\Default lastActive=2026-08-23T16:06:02.939Z
2026-08-23 16:10:26.405: [INFO] OnDoneLoading sync enabled: 0
2026-08-23 16:10:26.405: [INFO] BookmarkModelLoaded, ids_reassigned: 0
2026-08-23 16:10:26.405: [INFO] BookmarksLoadDropped droppedNodes=0
2026-08-23 16:10:26.405: [INFO] BookmarksSnapshot Startup total=0 bar=0 other=0 mobile=0 showBar=0 showBarNTP=1
2026-08-23 16:10:26.517: [INFO] BookmarksSnapshot Shutdown total=0 bar=0 other=0 mobile=0 showBar=0 showBarNTP=1
2026-08-23 16:12:28.415: [INFO] CurrentProfilePath: D:\Java_Devolpment\Projects\ShopSphere\.metadata\.plugins\org.eclipse.swt\EBWebView\Default
2026-08-23 16:12:28.416: [INFO] Profiles total count: 1
2026-08-23 16:12:28.416: [INFO] Profile: name=Profile 1 path=D:\Java_Devolpment\Projects\ShopSphere\.metadata\.plugins\org.eclipse.swt\EBWebView\Default lastActive=2026-08-23T16:06:02.939Z
2026-08-23 16:12:28.416: [INFO] LastUsedProfileDir: D:\Java_Devolpment\Projects\ShopSphere\.metadata\.plugins\org.eclipse.swt\EBWebView\Default
2026-08-23 16:12:28.416: [INFO] MostRecentlyActiveProfile: name=Profile 1 path=D:\Java_Devolpment\Projects\ShopSphere\.metadata\.plugins\org.eclipse.swt\EBWebView\Default lastActive=2026-08-23T16:06:02.939Z
2026-08-23 16:12:28.416: [INFO] OnDoneLoading sync enabled: 0
2026-08-23 16:12:28.416: [INFO] BookmarkModelLoaded, ids_reassigned: 0
2026-08-23 16:12:28.416: [INFO] BookmarksLoadDropped droppedNodes=0
2026-08-23 16:12:28.416: [INFO] BookmarksSnapshot Startup total=0 bar=0 other=0 mobile=0 showBar=0 showBarNTP=1
2026-08-23 16:15:52.607: [INFO] BookmarksSnapshot Shutdown total=0 bar=0 other=0 mobile=0 showBar=0 showBarNTP=1
2026-08-23 16:19:40.640: [INFO] CurrentProfilePath: D:\Java_Devolpment\Projects\ShopSphere\.metadata\.plugins\org.eclipse.swt\EBWebView\Default
2026-08-23 16:19:40.640: [INFO] Profiles total count: 1
2026-08-23 16:19:40.640: [INFO] Profile: name=Profile 1 path=D:\Java_Devolpment\Projects\ShopSphere\.metadata\.plugins\org.eclipse.swt\EBWebView\Default lastActive=2026-08-23T16:06:02.939Z
2026-08-23 16:19:40.640: [INFO] LastUsedProfileDir: D:\Java_Devolpment\Projects\ShopSphere\.metadata\.plugins\org.eclipse.swt\EBWebView\Default
2026-08-23 16:19:40.641: [INFO] MostRecentlyActiveProfile: name=Profile 1 path=D:\Java_Devolpment\Projects\ShopSphere\.metadata\.plugins\org.eclipse.swt\EBWebView\Default lastActive=2026-08-23T16:06:02.939Z
2026-08-23 16:19:40.641: [INFO] OnDoneLoading sync enabled: 0
2026-08-23 16:19:40.641: [INFO] BookmarkModelLoaded, ids_reassigned: 0
2026-08-23 16:19:40.641: [INFO] BookmarksLoadDropped droppedNodes=0
2026-08-23 16:19:40.641: [INFO] BookmarksSnapshot Startup total=0 bar=0 other=0 mobile=0 showBar=0 showBarNTP=1
2026-08-23 16:19:42.915: [INFO] BookmarksSnapshot Shutdown total=0 bar=0 other=0 mobile=0 showBar=0 showBarNTP=1
2026-08-23 16:21:09.901: [INFO] CurrentProfilePath: D:\Java_Devolpment\Projects\ShopSphere\.metadata\.plugins\org.eclipse.swt\EBWebView\Default
2026-08-23 16:21:09.901: [INFO] Profiles total count: 1
2026-08-23 16:21:09.902: [INFO] Profile: name=Profile 1 path=D:\Java_Devolpment\Projects\ShopSphere\.metadata\.plugins\org.eclipse.swt\EBWebView\Default lastActive=2026-08-23T16:06:02.939Z
2026-08-23 16:21:09.902: [INFO] LastUsedProfileDir: D:\Java_Devolpment\Projects\ShopSphere\.metadata\.plugins\org.eclipse.swt\EBWebView\Default
2026-08-23 16:21:09.902: [INFO] MostRecentlyActiveProfile: name=Profile 1 path=D:\Java_Devolpment\Projects\ShopSphere\.metadata\.plugins\org.eclipse.swt\EBWebView\Default lastActive=2026-08-23T16:06:02.939Z
2026-08-23 16:21:09.902: [INFO] OnDoneLoading sync enabled: 0
2026-08-23 16:21:09.902: [INFO] BookmarkModelLoaded, ids_reassigned: 0
2026-08-23 16:21:09.902: [INFO] BookmarksLoadDropped droppedNodes=0
2026-08-23 16:21:09.902: [INFO] BookmarksSnapshot Startup total=0 bar=0 other=0 mobile=0 showBar=0 showBarNTP=1
2026-08-23 16:22:44.796: [INFO] BookmarksSnapshot Shutdown total=0 bar=0 other=0 mobile=0 showBar=0 showBarNTP=1
2026-08-23 16:26:21.667: [INFO] CurrentProfilePath: D:\Java_Devolpment\Projects\ShopSphere\.metadata\.plugins\org.eclipse.swt\EBWebView\Default
2026-08-23 16:26:21.667: [INFO] Profiles total count: 1
2026-08-23 16:26:21.667: [INFO] Profile: name=Profile 1 path=D:\Java_Devolpment\Projects\ShopSphere\.metadata\.plugins\org.eclipse.swt\EBWebView\Default lastActive=2026-08-23T16:06:02.939Z
2026-08-23 16:26:21.667: [INFO] LastUsedProfileDir: D:\Java_Devolpment\Projects\ShopSphere\.metadata\.plugins\org.eclipse.swt\EBWebView\Default
2026-08-23 16:26:21.667: [INFO] MostRecentlyActiveProfile: name=Profile 1 path=D:\Java_Devolpment\Projects\ShopSphere\.metadata\.plugins\org.eclipse.swt\EBWebView\Default lastActive=2026-08-23T16:06:02.939Z
2026-08-23 16:26:21.667: [INFO] OnDoneLoading sync enabled: 0
2026-08-23 16:26:21.667: [INFO] BookmarkModelLoaded, ids_reassigned: 0
2026-08-23 16:26:21.667: [INFO] BookmarksLoadDropped droppedNodes=0
2026-08-23 16:26:21.667: [INFO] BookmarksSnapshot Startup total=0 bar=0 other=0 mobile=0 showBar=0 showBarNTP=1
2026-08-23 16:26:21.783: [INFO] BookmarksSnapshot Shutdown total=0 bar=0 other=0 mobile=0 showBar=0 showBarNTP=1
2026-08-23 16:30:07.485: [INFO] CurrentProfilePath: D:\Java_Devolpment\Projects\ShopSphere\.metadata\.plugins\org.eclipse.swt\EBWebView\Default
2026-08-23 16:30:07.485: [INFO] Profiles total count: 1
2026-08-23 16:30:07.485: [INFO] Profile: name=Profile 1 path=D:\Java_Devolpment\Projects\ShopSphere\.metadata\.plugins\org.eclipse.swt\EBWebView\Default lastActive=2026-08-23T16:06:02.939Z
2026-08-23 16:30:07.485: [INFO] LastUsedProfileDir: D:\Java_Devolpment\Projects\ShopSphere\.metadata\.plugins\org.eclipse.swt\EBWebView\Default
2026-08-23 16:30:07.486: [INFO] MostRecentlyActiveProfile: name=Profile 1 path=D:\Java_Devolpment\Projects\ShopSphere\.metadata\.plugins\org.eclipse.swt\EBWebView\Default lastActive=2026-08-23T16:06:02.939Z
2026-08-23 16:30:07.486: [INFO] OnDoneLoading sync enabled: 0
2026-08-23 16:30:07.486: [INFO] BookmarkModelLoaded, ids_reassigned: 0
2026-08-23 16:30:07.486: [INFO] BookmarksLoadDropped droppedNodes=0
2026-08-23 16:30:07.486: [INFO] BookmarksSnapshot Startup total=0 bar=0 other=0 mobile=0 showBar=0 showBarNTP=1
2026-08-23 16:30:11.719: [INFO] BookmarksSnapshot Shutdown total=0 bar=0 other=0 mobile=0 showBar=0 showBarNTP=1
2026-08-23 16:30:19.828: [INFO] CurrentProfilePath: D:\Java_Devolpment\Projects\ShopSphere\.metadata\.plugins\org.eclipse.swt\EBWebView\Default
2026-08-23 16:30:19.828: [INFO] Profiles total count: 1
2026-08-23 16:30:19.828: [INFO] Profile: name=Profile 1 path=D:\Java_Devolpment\Projects\ShopSphere\.metadata\.plugins\org.eclipse.swt\EBWebView\Default lastActive=2026-08-23T16:06:02.939Z
2026-08-23 16:30:19.829: [INFO] LastUsedProfileDir: D:\Java_Devolpment\Projects\ShopSphere\.metadata\.plugins\org.eclipse.swt\EBWebView\Default
2026-08-23 16:30:19.829: [INFO] MostRecentlyActiveProfile: name=Profile 1 path=D:\Java_Devolpment\Projects\ShopSphere\.metadata\.plugins\org.eclipse.swt\EBWebView\Default lastActive=2026-08-23T16:06:02.939Z
2026-08-23 16:30:19.829: [INFO] OnDoneLoading sync enabled: 0
2026-08-23 16:30:19.829: [INFO] BookmarkModelLoaded, ids_reassigned: 0
2026-08-23 16:30:19.829: [INFO] BookmarksLoadDropped droppedNodes=0
2026-08-23 16:30:19.829: [INFO] BookmarksSnapshot Startup total=0 bar=0 other=0 mobile=0 showBar=0 showBarNTP=1
2026-08-23 16:30:29.289: [INFO] BookmarksSnapshot Shutdown total=0 bar=0 other=0 mobile=0 showBar=0 showBarNTP=1
2026-08-23 16:31:44.097: [INFO] CurrentProfilePath: D:\Java_Devolpment\Projects\ShopSphere\.metadata\.plugins\org.eclipse.swt\EBWebView\Default
2026-08-23 16:31:44.097: [INFO] Profiles total count: 1
2026-08-23 16:31:44.097: [INFO] Profile: name=Profile 1 path=D:\Java_Devolpment\Projects\ShopSphere\.metadata\.plugins\org.eclipse.swt\EBWebView\Default lastActive=2026-08-23T16:06:02.939Z
2026-08-23 16:31:44.097: [INFO] LastUsedProfileDir: D:\Java_Devolpment\Projects\ShopSphere\.metadata\.plugins\org.eclipse.swt\EBWebView\Default
2026-08-23 16:31:44.097: [INFO] MostRecentlyActiveProfile: name=Profile 1 path=D:\Java_Devolpment\Projects\ShopSphere\.metadata\.plugins\org.eclipse.swt\EBWebView\Default lastActive=2026-08-23T16:06:02.939Z
2026-08-23 16:31:44.097: [INFO] OnDoneLoading sync enabled: 0
2026-08-23 16:31:44.097: [INFO] BookmarkModelLoaded, ids_reassigned: 0
2026-08-23 16:31:44.097: [INFO] BookmarksLoadDropped droppedNodes=0
2026-08-23 16:31:44.097: [INFO] BookmarksSnapshot Startup total=0 bar=0 other=0 mobile=0 showBar=0 showBarNTP=1
2026-08-23 18:04:01.466: [INFO] BookmarksSnapshot Shutdown total=0 bar=0 other=0 mobile=0 showBar=0 showBarNTP=1
2026-08-24 05:51:30.929: [INFO] CurrentProfilePath: D:\Java_Devolpment\Projects\ShopSphere\.metadata\.plugins\org.eclipse.swt\EBWebView\Default
2026-08-24 05:51:30.929: [INFO] Profiles total count: 1
2026-08-24 05:51:30.929: [INFO] Profile: name=Profile 1 path=D:\Java_Devolpment\Projects\ShopSphere\.metadata\.plugins\org.eclipse.swt\EBWebView\Default lastActive=2026-08-23T16:06:02.939Z
2026-08-24 05:51:30.930: [INFO] LastUsedProfileDir: D:\Java_Devolpment\Projects\ShopSphere\.metadata\.plugins\org.eclipse.swt\EBWebView\Default
2026-08-24 05:51:30.930: [INFO] MostRecentlyActiveProfile: name=Profile 1 path=D:\Java_Devolpment\Projects\ShopSphere\.metadata\.plugins\org.eclipse.swt\EBWebView\Default lastActive=2026-08-23T16:06:02.939Z
2026-08-24 05:51:30.930: [INFO] OnDoneLoading sync enabled: 0
2026-08-24 05:51:30.930: [INFO] BookmarkModelLoaded, ids_reassigned: 0
2026-08-24 05:51:30.930: [INFO] BookmarksLoadDropped droppedNodes=0
2026-08-24 05:51:30.930: [INFO] BookmarksSnapshot Startup total=0 bar=0 other=0 mobile=0 showBar=0 showBarNTP=1
2026-08-24 05:54:28.439: [INFO] BookmarksSnapshot Shutdown total=0 bar=0 other=0 mobile=0 showBar=0 showBarNTP=1
2026-08-24 05:55:09.393: [INFO] CurrentProfilePath: D:\Java_Devolpment\Projects\ShopSphere\.metadata\.plugins\org.eclipse.swt\EBWebView\Default
2026-08-24 05:55:09.393: [INFO] Profiles total count: 1
2026-08-24 05:55:09.394: [INFO] Profile: name=Profile 1 path=D:\Java_Devolpment\Projects\ShopSphere\.metadata\.plugins\org.eclipse.swt\EBWebView\Default lastActive=2026-08-23T16:06:02.939Z
2026-08-24 05:55:09.394: [INFO] LastUsedProfileDir: D:\Java_Devolpment\Projects\ShopSphere\.metadata\.plugins\org.eclipse.swt\EBWebView\Default
2026-08-24 05:55:09.394: [INFO] MostRecentlyActiveProfile: name=Profile 1 path=D:\Java_Devolpment\Projects\ShopSphere\.metadata\.plugins\org.eclipse.swt\EBWebView\Default lastActive=2026-08-23T16:06:02.939Z
2026-08-24 05:55:09.394: [INFO] OnDoneLoading sync enabled: 0
2026-08-24 05:55:09.394: [INFO] BookmarkModelLoaded, ids_reassigned: 0
2026-08-24 05:55:09.394: [INFO] BookmarksLoadDropped droppedNodes=0
2026-08-24 05:55:09.394: [INFO] BookmarksSnapshot Startup total=0 bar=0 other=0 mobile=0 showBar=0 showBarNTP=1
2026-08-24 05:56:34.175: [INFO] BookmarksSnapshot Shutdown total=0 bar=0 other=0 mobile=0 showBar=0 showBarNTP=1
2026-08-24 12:09:25.376: [INFO] CurrentProfilePath: D:\Java_Devolpment\Projects\ShopSphere\.metadata\.plugins\org.eclipse.swt\EBWebView\Default
2026-08-24 12:09:25.376: [INFO] Profiles total count: 1
2026-08-24 12:09:25.377: [INFO] Profile: name=Profile 1 path=D:\Java_Devolpment\Projects\ShopSphere\.metadata\.plugins\org.eclipse.swt\EBWebView\Default lastActive=2026-08-23T16:06:02.939Z
2026-08-24 12:09:25.377: [INFO] LastUsedProfileDir: D:\Java_Devolpment\Projects\ShopSphere\.metadata\.plugins\org.eclipse.swt\EBWebView\Default
2026-08-24 12:09:25.377: [INFO] MostRecentlyActiveProfile: name=Profile 1 path=D:\Java_Devolpment\Projects\ShopSphere\.metadata\.plugins\org.eclipse.swt\EBWebView\Default lastActive=2026-08-23T16:06:02.939Z
2026-08-24 12:09:25.377: [INFO] OnDoneLoading sync enabled: 0
2026-08-24 12:09:25.377: [INFO] BookmarkModelLoaded, ids_reassigned: 0
2026-08-24 12:09:25.377: [INFO] BookmarksLoadDropped droppedNodes=0
2026-08-24 12:09:25.377: [INFO] BookmarksSnapshot Startup total=0 bar=0 other=0 mobile=0 showBar=0 showBarNTP=1
2026-08-24 12:09:50.077: [INFO] BookmarksSnapshot Shutdown total=0 bar=0 other=0 mobile=0 showBar=0 showBarNTP=1
2026-08-24 12:10:04.789: [INFO] CurrentProfilePath: D:\Java_Devolpment\Projects\ShopSphere\.metadata\.plugins\org.eclipse.swt\EBWebView\Default
2026-08-24 12:10:04.789: [INFO] Profiles total count: 1
2026-08-24 12:10:04.789: [INFO] Profile: name=Profile 1 path=D:\Java_Devolpment\Projects\ShopSphere\.metadata\.plugins\org.eclipse.swt\EBWebView\Default lastActive=2026-08-23T16:06:02.939Z
2026-08-24 12:10:04.789: [INFO] LastUsedProfileDir: D:\Java_Devolpment\Projects\ShopSphere\.metadata\.plugins\org.eclipse.swt\EBWebView\Default
2026-08-24 12:10:04.789: [INFO] MostRecentlyActiveProfile: name=Profile 1 path=D:\Java_Devolpment\Projects\ShopSphere\.metadata\.plugins\org.eclipse.swt\EBWebView\Default lastActive=2026-08-23T16:06:02.939Z
2026-08-24 12:10:04.789: [INFO] OnDoneLoading sync enabled: 0
2026-08-24 12:10:04.789: [INFO] BookmarkModelLoaded, ids_reassigned: 0
2026-08-24 12:10:04.789: [INFO] BookmarksLoadDropped droppedNodes=0
2026-08-24 12:10:04.789: [INFO] BookmarksSnapshot Startup total=0 bar=0 other=0 mobile=0 showBar=0 showBarNTP=1
2026-08-24 12:10:13.838: [INFO] BookmarksSnapshot Shutdown total=0 bar=0 other=0 mobile=0 showBar=0 showBarNTP=1
2026-08-24 12:10:24.936: [INFO] CurrentProfilePath: D:\Java_Devolpment\Projects\ShopSphere\.metadata\.plugins\org.eclipse.swt\EBWebView\Default
2026-08-24 12:10:24.937: [INFO] Profiles total count: 1
2026-08-24 12:10:24.937: [INFO] Profile: name=Profile 1 path=D:\Java_Devolpment\Projects\ShopSphere\.metadata\.plugins\org.eclipse.swt\EBWebView\Default lastActive=2026-08-23T16:06:02.939Z
2026-08-24 12:10:24.937: [INFO] LastUsedProfileDir: D:\Java_Devolpment\Projects\ShopSphere\.metadata\.plugins\org.eclipse.swt\EBWebView\Default
2026-08-24 12:10:24.937: [INFO] MostRecentlyActiveProfile: name=Profile 1 path=D:\Java_Devolpment\Projects\ShopSphere\.metadata\.plugins\org.eclipse.swt\EBWebView\Default lastActive=2026-08-23T16:06:02.939Z
2026-08-24 12:10:24.937: [INFO] OnDoneLoading sync enabled: 0
2026-08-24 12:10:24.937: [INFO] BookmarkModelLoaded, ids_reassigned: 0
2026-08-24 12:10:24.937: [INFO] BookmarksLoadDropped droppedNodes=0
2026-08-24 12:10:24.937: [INFO] BookmarksSnapshot Startup total=0 bar=0 other=0 mobile=0 showBar=0 showBarNTP=1
2026-08-24 12:10:33.567: [INFO] BookmarksSnapshot Shutdown total=0 bar=0 other=0 mobile=0 showBar=0 showBarNTP=1
2026-08-24 12:10:33.684: [INFO] CurrentProfilePath: D:\Java_Devolpment\Projects\ShopSphere\.metadata\.plugins\org.eclipse.swt\EBWebView\Default
2026-08-24 12:10:33.684: [INFO] Profiles total count: 1
2026-08-24 12:10:33.684: [INFO] Profile: name=Profile 1 path=D:\Java_Devolpment\Projects\ShopSphere\.metadata\.plugins\org.eclipse.swt\EBWebView\Default lastActive=2026-08-23T16:06:02.939Z
2026-08-24 12:10:33.684: [INFO] LastUsedProfileDir: D:\Java_Devolpment\Projects\ShopSphere\.metadata\.plugins\org.eclipse.swt\EBWebView\Default
2026-08-24 12:10:33.684: [INFO] MostRecentlyActiveProfile: name=Profile 1 path=D:\Java_Devolpment\Projects\ShopSphere\.metadata\.plugins\org.eclipse.swt\EBWebView\Default lastActive=2026-08-23T16:06:02.939Z
2026-08-24 12:10:33.684: [INFO] OnDoneLoading sync enabled: 0
2026-08-24 12:10:33.684: [INFO] BookmarkModelLoaded, ids_reassigned: 0
2026-08-24 12:10:33.684: [INFO] BookmarksLoadDropped droppedNodes=0
2026-08-24 12:10:33.684: [INFO] BookmarksSnapshot Startup total=0 bar=0 other=0 mobile=0 showBar=0 showBarNTP=1
2026-08-24 12:10:45.763: [INFO] BookmarksSnapshot Shutdown total=0 bar=0 other=0 mobile=0 showBar=0 showBarNTP=1
2026-08-24 12:10:45.834: [INFO] CurrentProfilePath: D:\Java_Devolpment\Projects\ShopSphere\.metadata\.plugins\org.eclipse.swt\EBWebView\Default
2026-08-24 12:10:45.834: [INFO] Profiles total count: 1
2026-08-24 12:10:45.835: [INFO] Profile: name=Profile 1 path=D:\Java_Devolpment\Projects\ShopSphere\.metadata\.plugins\org.eclipse.swt\EBWebView\Default lastActive=2026-08-23T16:06:02.939Z
2026-08-24 12:10:45.835: [INFO] LastUsedProfileDir: D:\Java_Devolpment\Projects\ShopSphere\.metadata\.plugins\org.eclipse.swt\EBWebView\Default
2026-08-24 12:10:45.835: [INFO] MostRecentlyActiveProfile: name=Profile 1 path=D:\Java_Devolpment\Projects\ShopSphere\.metadata\.plugins\org.eclipse.swt\EBWebView\Default lastActive=2026-08-23T16:06:02.939Z
2026-08-24 12:10:45.835: [INFO] OnDoneLoading sync enabled: 0
2026-08-24 12:10:45.835: [INFO] BookmarkModelLoaded, ids_reassigned: 0
2026-08-24 12:10:45.835: [INFO] BookmarksLoadDropped droppedNodes=0
2026-08-24 12:10:45.835: [INFO] BookmarksSnapshot Startup total=0 bar=0 other=0 mobile=0 showBar=0 showBarNTP=1
2026-08-24 12:11:08.962: [INFO] BookmarksSnapshot Shutdown total=0 bar=0 other=0 mobile=0 showBar=0 showBarNTP=1
2026-08-24 12:11:39.497: [INFO] CurrentProfilePath: D:\Java_Devolpment\Projects\ShopSphere\.metadata\.plugins\org.eclipse.swt\EBWebView\Default
2026-08-24 12:11:39.497: [INFO] Profiles total count: 1
2026-08-24 12:11:39.497: [INFO] Profile: name=Profile 1 path=D:\Java_Devolpment\Projects\ShopSphere\.metadata\.plugins\org.eclipse.swt\EBWebView\Default lastActive=2026-08-23T16:06:02.939Z
2026-08-24 12:11:39.497: [INFO] LastUsedProfileDir: D:\Java_Devolpment\Projects\ShopSphere\.metadata\.plugins\org.eclipse.swt\EBWebView\Default
2026-08-24 12:11:39.497: [INFO] MostRecentlyActiveProfile: name=Profile 1 path=D:\Java_Devolpment\Projects\ShopSphere\.metadata\.plugins\org.eclipse.swt\EBWebView\Default lastActive=2026-08-23T16:06:02.939Z
2026-08-24 12:11:39.497: [INFO] OnDoneLoading sync enabled: 0
2026-08-24 12:11:39.497: [INFO] BookmarkModelLoaded, ids_reassigned: 0
2026-08-24 12:11:39.497: [INFO] BookmarksLoadDropped droppedNodes=0
2026-08-24 12:11:39.497: [INFO] BookmarksSnapshot Startup total=0 bar=0 other=0 mobile=0 showBar=0 showBarNTP=1
2026-08-24 12:11:42.145: [INFO] BookmarksSnapshot Shutdown total=0 bar=0 other=0 mobile=0 showBar=0 showBarNTP=1
2026-08-24 12:14:56.969: [INFO] CurrentProfilePath: D:\Java_Devolpment\Projects\ShopSphere\.metadata\.plugins\org.eclipse.swt\EBWebView\Default
2026-08-24 12:14:56.969: [INFO] Profiles total count: 1
2026-08-24 12:14:56.969: [INFO] Profile: name=Profile 1 path=D:\Java_Devolpment\Projects\ShopSphere\.metadata\.plugins\org.eclipse.swt\EBWebView\Default lastActive=2026-08-23T16:06:02.939Z
2026-08-24 12:14:56.969: [INFO] LastUsedProfileDir: D:\Java_Devolpment\Projects\ShopSphere\.metadata\.plugins\org.eclipse.swt\EBWebView\Default
2026-08-24 12:14:56.969: [INFO] MostRecentlyActiveProfile: name=Profile 1 path=D:\Java_Devolpment\Projects\ShopSphere\.metadata\.plugins\org.eclipse.swt\EBWebView\Default lastActive=2026-08-23T16:06:02.939Z
2026-08-24 12:14:56.969: [INFO] OnDoneLoading sync enabled: 0
2026-08-24 12:14:56.969: [INFO] BookmarkModelLoaded, ids_reassigned: 0
2026-08-24 12:14:56.969: [INFO] BookmarksLoadDropped droppedNodes=0
2026-08-24 12:14:56.969: [INFO] BookmarksSnapshot Startup total=0 bar=0 other=0 mobile=0 showBar=0 showBarNTP=1
2026-08-24 12:15:09.843: [INFO] BookmarksSnapshot Shutdown total=0 bar=0 other=0 mobile=0 showBar=0 showBarNTP=1
2026-08-24 12:20:15.934: [INFO] CurrentProfilePath: D:\Java_Devolpment\Projects\ShopSphere\.metadata\.plugins\org.eclipse.swt\EBWebView\Default
2026-08-24 12:20:15.934: [INFO] Profiles total count: 1
2026-08-24 12:20:15.934: [INFO] Profile: name=Profile 1 path=D:\Java_Devolpment\Projects\ShopSphere\.metadata\.plugins\org.eclipse.swt\EBWebView\Default lastActive=2026-08-23T16:06:02.939Z
2026-08-24 12:20:15.934: [INFO] LastUsedProfileDir: D:\Java_Devolpment\Projects\ShopSphere\.metadata\.plugins\org.eclipse.swt\EBWebView\Default
2026-08-24 12:20:15.934: [INFO] MostRecentlyActiveProfile: name=Profile 1 path=D:\Java_Devolpment\Projects\ShopSphere\.metadata\.plugins\org.eclipse.swt\EBWebView\Default lastActive=2026-08-23T16:06:02.939Z
2026-08-24 12:20:15.934: [INFO] OnDoneLoading sync enabled: 0
2026-08-24 12:20:15.934: [INFO] BookmarkModelLoaded, ids_reassigned: 0
2026-08-24 12:20:15.934: [INFO] BookmarksLoadDropped droppedNodes=0
2026-08-24 12:20:15.934: [INFO] BookmarksSnapshot Startup total=0 bar=0 other=0 mobile=0 showBar=0 showBarNTP=1
2026-08-24 12:20:16.056: [INFO] BookmarksSnapshot Shutdown total=0 bar=0 other=0 mobile=0 showBar=0 showBarNTP=1
2026-08-24 12:20:18.773: [INFO] CurrentProfilePath: D:\Java_Devolpment\Projects\ShopSphere\.metadata\.plugins\org.eclipse.swt\EBWebView\Default
2026-08-24 12:20:18.773: [INFO] Profiles total count: 1
2026-08-24 12:20:18.774: [INFO] Profile: name=Profile 1 path=D:\Java_Devolpment\Projects\ShopSphere\.metadata\.plugins\org.eclipse.swt\EBWebView\Default lastActive=2026-08-23T16:06:02.939Z
2026-08-24 12:20:18.774: [INFO] LastUsedProfileDir: D:\Java_Devolpment\Projects\ShopSphere\.metadata\.plugins\org.eclipse.swt\EBWebView\Default
2026-08-24 12:20:18.774: [INFO] MostRecentlyActiveProfile: name=Profile 1 path=D:\Java_Devolpment\Projects\ShopSphere\.metadata\.plugins\org.eclipse.swt\EBWebView\Default lastActive=2026-08-23T16:06:02.939Z
2026-08-24 12:20:18.774: [INFO] OnDoneLoading sync enabled: 0
2026-08-24 12:20:18.774: [INFO] BookmarkModelLoaded, ids_reassigned: 0
2026-08-24 12:20:18.774: [INFO] BookmarksLoadDropped droppedNodes=0
2026-08-24 12:20:18.774: [INFO] BookmarksSnapshot Startup total=0 bar=0 other=0 mobile=0 showBar=0 showBarNTP=1
2026-08-24 12:20:18.899: [INFO] BookmarksSnapshot Shutdown total=0 bar=0 other=0 mobile=0 showBar=0 showBarNTP=1
2026-08-24 12:20:24.174: [INFO] CurrentProfilePath: D:\Java_Devolpment\Projects\ShopSphere\.metadata\.plugins\org.eclipse.swt\EBWebView\Default
2026-08-24 12:20:24.174: [INFO] Profiles total count: 1
2026-08-24 12:20:24.174: [INFO] Profile: name=Profile 1 path=D:\Java_Devolpment\Projects\ShopSphere\.metadata\.plugins\org.eclipse.swt\EBWebView\Default lastActive=2026-08-23T16:06:02.939Z
2026-08-24 12:20:24.174: [INFO] LastUsedProfileDir: D:\Java_Devolpment\Projects\ShopSphere\.metadata\.plugins\org.eclipse.swt\EBWebView\Default
2026-08-24 12:20:24.174: [INFO] MostRecentlyActiveProfile: name=Profile 1 path=D:\Java_Devolpment\Projects\ShopSphere\.metadata\.plugins\org.eclipse.swt\EBWebView\Default lastActive=2026-08-23T16:06:02.939Z
2026-08-24 12:20:24.174: [INFO] OnDoneLoading sync enabled: 0
2026-08-24 12:20:24.174: [INFO] BookmarkModelLoaded, ids_reassigned: 0
2026-08-24 12:20:24.174: [INFO] BookmarksLoadDropped droppedNodes=0
2026-08-24 12:20:24.174: [INFO] BookmarksSnapshot Startup total=0 bar=0 other=0 mobile=0 showBar=0 showBarNTP=1
2026-08-24 12:20:34.819: [INFO] BookmarksSnapshot Shutdown total=0 bar=0 other=0 mobile=0 showBar=0 showBarNTP=1
2026-08-24 12:20:36.437: [INFO] CurrentProfilePath: D:\Java_Devolpment\Projects\ShopSphere\.metadata\.plugins\org.eclipse.swt\EBWebView\Default
2026-08-24 12:20:36.437: [INFO] Profiles total count: 1
2026-08-24 12:20:36.437: [INFO] Profile: name=Profile 1 path=D:\Java_Devolpment\Projects\ShopSphere\.metadata\.plugins\org.eclipse.swt\EBWebView\Default lastActive=2026-08-23T16:06:02.939Z
2026-08-24 12:20:36.437: [INFO] LastUsedProfileDir: D:\Java_Devolpment\Projects\ShopSphere\.metadata\.plugins\org.eclipse.swt\EBWebView\Default
2026-08-24 12:20:36.438: [INFO] MostRecentlyActiveProfile: name=Profile 1 path=D:\Java_Devolpment\Projects\ShopSphere\.metadata\.plugins\org.eclipse.swt\EBWebView\Default lastActive=2026-08-23T16:06:02.939Z
2026-08-24 12:20:36.438: [INFO] OnDoneLoading sync enabled: 0
2026-08-24 12:20:36.438: [INFO] BookmarkModelLoaded, ids_reassigned: 0
2026-08-24 12:20:36.438: [INFO] BookmarksLoadDropped droppedNodes=0
2026-08-24 12:20:36.438: [INFO] BookmarksSnapshot Startup total=0 bar=0 other=0 mobile=0 showBar=0 showBarNTP=1
2026-08-24 12:20:36.565: [INFO] BookmarksSnapshot Shutdown total=0 bar=0 other=0 mobile=0 showBar=0 showBarNTP=1
2026-08-24 12:22:27.439: [INFO] CurrentProfilePath: D:\Java_Devolpment\Projects\ShopSphere\.metadata\.plugins\org.eclipse.swt\EBWebView\Default
2026-08-24 12:22:27.439: [INFO] Profiles total count: 1
2026-08-24 12:22:27.439: [INFO] Profile: name=Profile 1 path=D:\Java_Devolpment\Projects\ShopSphere\.metadata\.plugins\org.eclipse.swt\EBWebView\Default lastActive=2026-08-23T16:06:02.939Z
2026-08-24 12:22:27.439: [INFO] LastUsedProfileDir: D:\Java_Devolpment\Projects\ShopSphere\.metadata\.plugins\org.eclipse.swt\EBWebView\Default
2026-08-24 12:22:27.439: [INFO] MostRecentlyActiveProfile: name=Profile 1 path=D:\Java_Devolpment\Projects\ShopSphere\.metadata\.plugins\org.eclipse.swt\EBWebView\Default lastActive=2026-08-23T16:06:02.939Z
2026-08-24 12:22:27.439: [INFO] OnDoneLoading sync enabled: 0
2026-08-24 12:22:27.439: [INFO] BookmarkModelLoaded, ids_reassigned: 0
2026-08-24 12:22:27.439: [INFO] BookmarksLoadDropped droppedNodes=0
2026-08-24 12:22:27.439: [INFO] BookmarksSnapshot Startup total=0 bar=0 other=0 mobile=0 showBar=0 showBarNTP=1
2026-08-24 12:22:27.558: [INFO] BookmarksSnapshot Shutdown total=0 bar=0 other=0 mobile=0 showBar=0 showBarNTP=1
2026-08-24 12:22:37.634: [INFO] CurrentProfilePath: D:\Java_Devolpment\Projects\ShopSphere\.metadata\.plugins\org.eclipse.swt\EBWebView\Default
2026-08-24 12:22:37.634: [INFO] Profiles total count: 1
2026-08-24 12:22:37.635: [INFO] Profile: name=Profile 1 path=D:\Java_Devolpment\Projects\ShopSphere\.metadata\.plugins\org.eclipse.swt\EBWebView\Default lastActive=2026-08-23T16:06:02.939Z
2026-08-24 12:22:37.635: [INFO] LastUsedProfileDir: D:\Java_Devolpment\Projects\ShopSphere\.metadata\.plugins\org.eclipse.swt\EBWebView\Default
2026-08-24 12:22:37.635: [INFO] MostRecentlyActiveProfile: name=Profile 1 path=D:\Java_Devolpment\Projects\ShopSphere\.metadata\.plugins\org.eclipse.swt\EBWebView\Default lastActive=2026-08-23T16:06:02.939Z
2026-08-24 12:22:37.635: [INFO] OnDoneLoading sync enabled: 0
2026-08-24 12:22:37.635: [INFO] BookmarkModelLoaded, ids_reassigned: 0
2026-08-24 12:22:37.635: [INFO] BookmarksLoadDropped droppedNodes=0
2026-08-24 12:22:37.635: [INFO] BookmarksSnapshot Startup total=0 bar=0 other=0 mobile=0 showBar=0 showBarNTP=1
2026-08-24 12:22:37.772: [INFO] BookmarksSnapshot Shutdown total=0 bar=0 other=0 mobile=0 showBar=0 showBarNTP=1
2026-08-24 12:22:39.379: [INFO] CurrentProfilePath: D:\Java_Devolpment\Projects\ShopSphere\.metadata\.plugins\org.eclipse.swt\EBWebView\Default
2026-08-24 12:22:39.379: [INFO] Profiles total count: 1
2026-08-24 12:22:39.379: [INFO] Profile: name=Profile 1 path=D:\Java_Devolpment\Projects\ShopSphere\.metadata\.plugins\org.eclipse.swt\EBWebView\Default lastActive=2026-08-23T16:06:02.939Z
2026-08-24 12:22:39.379: [INFO] LastUsedProfileDir: D:\Java_Devolpment\Projects\ShopSphere\.metadata\.plugins\org.eclipse.swt\EBWebView\Default
2026-08-24 12:22:39.379: [INFO] MostRecentlyActiveProfile: name=Profile 1 path=D:\Java_Devolpment\Projects\ShopSphere\.metadata\.plugins\org.eclipse.swt\EBWebView\Default lastActive=2026-08-23T16:06:02.939Z
2026-08-24 12:22:39.379: [INFO] OnDoneLoading sync enabled: 0
2026-08-24 12:22:39.379: [INFO] BookmarkModelLoaded, ids_reassigned: 0
2026-08-24 12:22:39.379: [INFO] BookmarksLoadDropped droppedNodes=0
2026-08-24 12:22:39.379: [INFO] BookmarksSnapshot Startup total=0 bar=0 other=0 mobile=0 showBar=0 showBarNTP=1
2026-08-24 12:22:39.505: [INFO] BookmarksSnapshot Shutdown total=0 bar=0 other=0 mobile=0 showBar=0 showBarNTP=1
2026-08-24 12:22:58.300: [INFO] CurrentProfilePath: D:\Java_Devolpment\Projects\ShopSphere\.metadata\.plugins\org.eclipse.swt\EBWebView\Default
2026-08-24 12:22:58.300: [INFO] Profiles total count: 1
2026-08-24 12:22:58.300: [INFO] Profile: name=Profile 1 path=D:\Java_Devolpment\Projects\ShopSphere\.metadata\.plugins\org.eclipse.swt\EBWebView\Default lastActive=2026-08-23T16:06:02.939Z
2026-08-24 12:22:58.300: [INFO] LastUsedProfileDir: D:\Java_Devolpment\Projects\ShopSphere\.metadata\.plugins\org.eclipse.swt\EBWebView\Default
2026-08-24 12:22:58.300: [INFO] MostRecentlyActiveProfile: name=Profile 1 path=D:\Java_Devolpment\Projects\ShopSphere\.metadata\.plugins\org.eclipse.swt\EBWebView\Default lastActive=2026-08-23T16:06:02.939Z
2026-08-24 12:22:58.300: [INFO] OnDoneLoading sync enabled: 0
2026-08-24 12:22:58.300: [INFO] BookmarkModelLoaded, ids_reassigned: 0
2026-08-24 12:22:58.300: [INFO] BookmarksLoadDropped droppedNodes=0
2026-08-24 12:22:58.300: [INFO] BookmarksSnapshot Startup total=0 bar=0 other=0 mobile=0 showBar=0 showBarNTP=1
2026-08-24 12:22:58.411: [INFO] BookmarksSnapshot Shutdown total=0 bar=0 other=0 mobile=0 showBar=0 showBarNTP=1
2026-08-24 12:27:58.749: [INFO] CurrentProfilePath: D:\Java_Devolpment\Projects\ShopSphere\.metadata\.plugins\org.eclipse.swt\EBWebView\Default
2026-08-24 12:27:58.749: [INFO] Profiles total count: 1
2026-08-24 12:27:58.750: [INFO] Profile: name=Profile 1 path=D:\Java_Devolpment\Projects\ShopSphere\.metadata\.plugins\org.eclipse.swt\EBWebView\Default lastActive=2026-08-23T16:06:02.939Z
2026-08-24 12:27:58.750: [INFO] LastUsedProfileDir: D:\Java_Devolpment\Projects\ShopSphere\.metadata\.plugins\org.eclipse.swt\EBWebView\Default
2026-08-24 12:27:58.750: [INFO] MostRecentlyActiveProfile: name=Profile 1 path=D:\Java_Devolpment\Projects\ShopSphere\.metadata\.plugins\org.eclipse.swt\EBWebView\Default lastActive=2026-08-23T16:06:02.939Z
2026-08-24 12:27:58.750: [INFO] OnDoneLoading sync enabled: 0
2026-08-24 12:27:58.750: [INFO] BookmarkModelLoaded, ids_reassigned: 0
2026-08-24 12:27:58.750: [INFO] BookmarksLoadDropped droppedNodes=0
2026-08-24 12:27:58.750: [INFO] BookmarksSnapshot Startup total=0 bar=0 other=0 mobile=0 showBar=0 showBarNTP=1
2026-08-24 12:31:26.144: [INFO] BookmarksSnapshot Shutdown total=0 bar=0 other=0 mobile=0 showBar=0 showBarNTP=1
2026-08-24 12:32:42.512: [INFO] CurrentProfilePath: D:\Java_Devolpment\Projects\ShopSphere\.metadata\.plugins\org.eclipse.swt\EBWebView\Default
2026-08-24 12:32:42.512: [INFO] Profiles total count: 1
2026-08-24 12:32:42.513: [INFO] Profile: name=Profile 1 path=D:\Java_Devolpment\Projects\ShopSphere\.metadata\.plugins\org.eclipse.swt\EBWebView\Default lastActive=2026-08-23T16:06:02.939Z
2026-08-24 12:32:42.513: [INFO] LastUsedProfileDir: D:\Java_Devolpment\Projects\ShopSphere\.metadata\.plugins\org.eclipse.swt\EBWebView\Default
2026-08-24 12:32:42.513: [INFO] MostRecentlyActiveProfile: name=Profile 1 path=D:\Java_Devolpment\Projects\ShopSphere\.metadata\.plugins\org.eclipse.swt\EBWebView\Default lastActive=2026-08-23T16:06:02.939Z
2026-08-24 12:32:42.513: [INFO] OnDoneLoading sync enabled: 0
2026-08-24 12:32:42.513: [INFO] BookmarkModelLoaded, ids_reassigned: 0
2026-08-24 12:32:42.513: [INFO] BookmarksLoadDropped droppedNodes=0
2026-08-24 12:32:42.513: [INFO] BookmarksSnapshot Startup total=0 bar=0 other=0 mobile=0 showBar=0 showBarNTP=1
2026-08-24 12:47:29.234: [INFO] BookmarksSnapshot Shutdown total=0 bar=0 other=0 mobile=0 showBar=0 showBarNTP=1
2026-08-24 12:50:57.756: [INFO] CurrentProfilePath: D:\Java_Devolpment\Projects\ShopSphere\.metadata\.plugins\org.eclipse.swt\EBWebView\Default
2026-08-24 12:50:57.756: [INFO] Profiles total count: 1
2026-08-24 12:50:57.756: [INFO] Profile: name=Profile 1 path=D:\Java_Devolpment\Projects\ShopSphere\.metadata\.plugins\org.eclipse.swt\EBWebView\Default lastActive=2026-08-23T16:06:02.939Z
2026-08-24 12:50:57.756: [INFO] LastUsedProfileDir: D:\Java_Devolpment\Projects\ShopSphere\.metadata\.plugins\org.eclipse.swt\EBWebView\Default
2026-08-24 12:50:57.757: [INFO] MostRecentlyActiveProfile: name=Profile 1 path=D:\Java_Devolpment\Projects\ShopSphere\.metadata\.plugins\org.eclipse.swt\EBWebView\Default lastActive=2026-08-23T16:06:02.939Z
2026-08-24 12:50:57.757: [INFO] OnDoneLoading sync enabled: 0
2026-08-24 12:50:57.757: [INFO] BookmarkModelLoaded, ids_reassigned: 0
2026-08-24 12:50:57.757: [INFO] BookmarksLoadDropped droppedNodes=0
2026-08-24 12:50:57.757: [INFO] BookmarksSnapshot Startup total=0 bar=0 other=0 mobile=0 showBar=0 showBarNTP=1
2026-08-24 12:50:57.868: [INFO] BookmarksSnapshot Shutdown total=0 bar=0 other=0 mobile=0 showBar=0 showBarNTP=1
2026-08-24 12:56:13.018: [INFO] CurrentProfilePath: D:\Java_Devolpment\Projects\ShopSphere\.metadata\.plugins\org.eclipse.swt\EBWebView\Default
2026-08-24 12:56:13.018: [INFO] Profiles total count: 1
2026-08-24 12:56:13.018: [INFO] Profile: name=Profile 1 path=D:\Java_Devolpment\Projects\ShopSphere\.metadata\.plugins\org.eclipse.swt\EBWebView\Default lastActive=2026-08-23T16:06:02.939Z
2026-08-24 12:56:13.018: [INFO] LastUsedProfileDir: D:\Java_Devolpment\Projects\ShopSphere\.metadata\.plugins\org.eclipse.swt\EBWebView\Default
2026-08-24 12:56:13.019: [INFO] MostRecentlyActiveProfile: name=Profile 1 path=D:\Java_Devolpment\Projects\ShopSphere\.metadata\.plugins\org.eclipse.swt\EBWebView\Default lastActive=2026-08-23T16:06:02.939Z
2026-08-24 12:56:13.019: [INFO] OnDoneLoading sync enabled: 0
2026-08-24 12:56:13.019: [INFO] BookmarkModelLoaded, ids_reassigned: 0
2026-08-24 12:56:13.019: [INFO] BookmarksLoadDropped droppedNodes=0
2026-08-24 12:56:13.019: [INFO] BookmarksSnapshot Startup total=0 bar=0 other=0 mobile=0 showBar=0 showBarNTP=1
2026-08-24 14:03:16.234: [INFO] BookmarksSnapshot Shutdown total=0 bar=0 other=0 mobile=0 showBar=0 showBarNTP=1
2026-08-24 16:20:24.390: [INFO] CurrentProfilePath: D:\Java_Devolpment\Projects\ShopSphere\.metadata\.plugins\org.eclipse.swt\EBWebView\Default
2026-08-24 16:20:24.390: [INFO] Profiles total count: 1
2026-08-24 16:20:24.390: [INFO] Profile: name=Profile 1 path=D:\Java_Devolpment\Projects\ShopSphere\.metadata\.plugins\org.eclipse.swt\EBWebView\Default lastActive=2026-08-23T16:06:02.939Z
2026-08-24 16:20:24.390: [INFO] LastUsedProfileDir: D:\Java_Devolpment\Projects\ShopSphere\.metadata\.plugins\org.eclipse.swt\EBWebView\Default
2026-08-24 16:20:24.390: [INFO] MostRecentlyActiveProfile: name=Profile 1 path=D:\Java_Devolpment\Projects\ShopSphere\.metadata\.plugins\org.eclipse.swt\EBWebView\Default lastActive=2026-08-23T16:06:02.939Z
2026-08-24 16:20:24.390: [INFO] OnDoneLoading sync enabled: 0
2026-08-24 16:20:24.390: [INFO] BookmarkModelLoaded, ids_reassigned: 0
2026-08-24 16:20:24.390: [INFO] BookmarksLoadDropped droppedNodes=0
2026-08-24 16:20:24.390: [INFO] BookmarksSnapshot Startup total=0 bar=0 other=0 mobile=0 showBar=0 showBarNTP=1
2026-08-24 16:20:26.786: [INFO] BookmarksSnapshot Shutdown total=0 bar=0 other=0 mobile=0 showBar=0 showBarNTP=1
2026-08-24 16:20:27.739: [INFO] CurrentProfilePath: D:\Java_Devolpment\Projects\ShopSphere\.metadata\.plugins\org.eclipse.swt\EBWebView\Default
2026-08-24 16:20:27.739: [INFO] Profiles total count: 1
2026-08-24 16:20:27.739: [INFO] Profile: name=Profile 1 path=D:\Java_Devolpment\Projects\ShopSphere\.metadata\.plugins\org.eclipse.swt\EBWebView\Default lastActive=2026-08-23T16:06:02.939Z
2026-08-24 16:20:27.739: [INFO] LastUsedProfileDir: D:\Java_Devolpment\Projects\ShopSphere\.metadata\.plugins\org.eclipse.swt\EBWebView\Default
2026-08-24 16:20:27.739: [INFO] MostRecentlyActiveProfile: name=Profile 1 path=D:\Java_Devolpment\Projects\ShopSphere\.metadata\.plugins\org.eclipse.swt\EBWebView\Default lastActive=2026-08-23T16:06:02.939Z
2026-08-24 16:20:27.739: [INFO] OnDoneLoading sync enabled: 0
2026-08-24 16:20:27.739: [INFO] BookmarkModelLoaded, ids_reassigned: 0
2026-08-24 16:20:27.739: [INFO] BookmarksLoadDropped droppedNodes=0
2026-08-24 16:20:27.739: [INFO] BookmarksSnapshot Startup total=0 bar=0 other=0 mobile=0 showBar=0 showBarNTP=1
2026-08-24 16:20:42.330: [INFO] BookmarksSnapshot Shutdown total=0 bar=0 other=0 mobile=0 showBar=0 showBarNTP=1
2026-08-24 16:20:53.636: [INFO] CurrentProfilePath: D:\Java_Devolpment\Projects\ShopSphere\.metadata\.plugins\org.eclipse.swt\EBWebView\Default
2026-08-24 16:20:53.636: [INFO] Profiles total count: 1
2026-08-24 16:20:53.637: [INFO] Profile: name=Profile 1 path=D:\Java_Devolpment\Projects\ShopSphere\.metadata\.plugins\org.eclipse.swt\EBWebView\Default lastActive=2026-08-23T16:06:02.939Z
2026-08-24 16:20:53.637: [INFO] LastUsedProfileDir: D:\Java_Devolpment\Projects\ShopSphere\.metadata\.plugins\org.eclipse.swt\EBWebView\Default
2026-08-24 16:20:53.637: [INFO] MostRecentlyActiveProfile: name=Profile 1 path=D:\Java_Devolpment\Projects\ShopSphere\.metadata\.plugins\org.eclipse.swt\EBWebView\Default lastActive=2026-08-23T16:06:02.939Z
2026-08-24 16:20:53.637: [INFO] OnDoneLoading sync enabled: 0
2026-08-24 16:20:53.637: [INFO] BookmarkModelLoaded, ids_reassigned: 0
2026-08-24 16:20:53.637: [INFO] BookmarksLoadDropped droppedNodes=0
2026-08-24 16:20:53.637: [INFO] BookmarksSnapshot Startup total=0 bar=0 other=0 mobile=0 showBar=0 showBarNTP=1
2026-08-24 16:20:56.107: [INFO] BookmarksSnapshot Shutdown total=0 bar=0 other=0 mobile=0 showBar=0 showBarNTP=1
2026-08-24 16:21:04.427: [INFO] CurrentProfilePath: D:\Java_Devolpment\Projects\ShopSphere\.metadata\.plugins\org.eclipse.swt\EBWebView\Default
2026-08-24 16:21:04.427: [INFO] Profiles total count: 1
2026-08-24 16:21:04.427: [INFO] Profile: name=Profile 1 path=D:\Java_Devolpment\Projects\ShopSphere\.metadata\.plugins\org.eclipse.swt\EBWebView\Default lastActive=2026-08-23T16:06:02.939Z
2026-08-24 16:21:04.427: [INFO] LastUsedProfileDir: D:\Java_Devolpment\Projects\ShopSphere\.metadata\.plugins\org.eclipse.swt\EBWebView\Default
2026-08-24 16:21:04.427: [INFO] MostRecentlyActiveProfile: name=Profile 1 path=D:\Java_Devolpment\Projects\ShopSphere\.metadata\.plugins\org.eclipse.swt\EBWebView\Default lastActive=2026-08-23T16:06:02.939Z
2026-08-24 16:21:04.427: [INFO] OnDoneLoading sync enabled: 0
2026-08-24 16:21:04.427: [INFO] BookmarkModelLoaded, ids_reassigned: 0
2026-08-24 16:21:04.427: [INFO] BookmarksLoadDropped droppedNodes=0
2026-08-24 16:21:04.427: [INFO] BookmarksSnapshot Startup total=0 bar=0 other=0 mobile=0 showBar=0 showBarNTP=1
2026-08-24 16:21:07.415: [INFO] BookmarksSnapshot Shutdown total=0 bar=0 other=0 mobile=0 showBar=0 showBarNTP=1
2026-08-24 16:21:14.770: [INFO] CurrentProfilePath: D:\Java_Devolpment\Projects\ShopSphere\.metadata\.plugins\org.eclipse.swt\EBWebView\Default
2026-08-24 16:21:14.770: [INFO] Profiles total count: 1
2026-08-24 16:21:14.770: [INFO] Profile: name=Profile 1 path=D:\Java_Devolpment\Projects\ShopSphere\.metadata\.plugins\org.eclipse.swt\EBWebView\Default lastActive=2026-08-23T16:06:02.939Z
2026-08-24 16:21:14.770: [INFO] LastUsedProfileDir: D:\Java_Devolpment\Projects\ShopSphere\.metadata\.plugins\org.eclipse.swt\EBWebView\Default
2026-08-24 16:21:14.770: [INFO] MostRecentlyActiveProfile: name=Profile 1 path=D:\Java_Devolpment\Projects\ShopSphere\.metadata\.plugins\org.eclipse.swt\EBWebView\Default lastActive=2026-08-23T16:06:02.939Z
2026-08-24 16:21:14.770: [INFO] OnDoneLoading sync enabled: 0
2026-08-24 16:21:14.770: [INFO] BookmarkModelLoaded, ids_reassigned: 0
2026-08-24 16:21:14.770: [INFO] BookmarksLoadDropped droppedNodes=0
2026-08-24 16:21:14.770: [INFO] BookmarksSnapshot Startup total=0 bar=0 other=0 mobile=0 showBar=0 showBarNTP=1
2026-08-24 16:21:20.367: [INFO] BookmarksSnapshot Shutdown total=0 bar=0 other=0 mobile=0 showBar=0 showBarNTP=1
2026-08-24 16:24:58.723: [INFO] CurrentProfilePath: D:\Java_Devolpment\Projects\ShopSphere\.metadata\.plugins\org.eclipse.swt\EBWebView\Default
2026-08-24 16:24:58.723: [INFO] Profiles total count: 1
2026-08-24 16:24:58.723: [INFO] Profile: name=Profile 1 path=D:\Java_Devolpment\Projects\ShopSphere\.metadata\.plugins\org.eclipse.swt\EBWebView\Default lastActive=2026-08-23T16:06:02.939Z
2026-08-24 16:24:58.723: [INFO] LastUsedProfileDir: D:\Java_Devolpment\Projects\ShopSphere\.metadata\.plugins\org.eclipse.swt\EBWebView\Default
2026-08-24 16:24:58.723: [INFO] MostRecentlyActiveProfile: name=Profile 1 path=D:\Java_Devolpment\Projects\ShopSphere\.metadata\.plugins\org.eclipse.swt\EBWebView\Default lastActive=2026-08-23T16:06:02.939Z
2026-08-24 16:24:58.723: [INFO] OnDoneLoading sync enabled: 0
2026-08-24 16:24:58.723: [INFO] BookmarkModelLoaded, ids_reassigned: 0
2026-08-24 16:24:58.723: [INFO] BookmarksLoadDropped droppedNodes=0
2026-08-24 16:24:58.723: [INFO] BookmarksSnapshot Startup total=0 bar=0 other=0 mobile=0 showBar=0 showBarNTP=1
2026-08-24 16:24:58.930: [INFO] BookmarksSnapshot Shutdown total=0 bar=0 other=0 mobile=0 showBar=0 showBarNTP=1
2026-08-24 16:25:44.535: [INFO] CurrentProfilePath: D:\Java_Devolpment\Projects\ShopSphere\.metadata\.plugins\org.eclipse.swt\EBWebView\Default
2026-08-24 16:25:44.535: [INFO] Profiles total count: 1
2026-08-24 16:25:44.536: [INFO] Profile: name=Profile 1 path=D:\Java_Devolpment\Projects\ShopSphere\.metadata\.plugins\org.eclipse.swt\EBWebView\Default lastActive=2026-08-23T16:06:02.939Z
2026-08-24 16:25:44.536: [INFO] LastUsedProfileDir: D:\Java_Devolpment\Projects\ShopSphere\.metadata\.plugins\org.eclipse.swt\EBWebView\Default
2026-08-24 16:25:44.536: [INFO] MostRecentlyActiveProfile: name=Profile 1 path=D:\Java_Devolpment\Projects\ShopSphere\.metadata\.plugins\org.eclipse.swt\EBWebView\Default lastActive=2026-08-23T16:06:02.939Z
2026-08-24 16:25:44.536: [INFO] OnDoneLoading sync enabled: 0
2026-08-24 16:25:44.536: [INFO] BookmarkModelLoaded, ids_reassigned: 0
2026-08-24 16:25:44.536: [INFO] BookmarksLoadDropped droppedNodes=0
2026-08-24 16:25:44.536: [INFO] BookmarksSnapshot Startup total=0 bar=0 other=0 mobile=0 showBar=0 showBarNTP=1
2026-08-24 16:26:30.484: [INFO] BookmarksSnapshot Shutdown total=0 bar=0 other=0 mobile=0 showBar=0 showBarNTP=1
2026-08-24 16:27:30.934: [INFO] CurrentProfilePath: D:\Java_Devolpment\Projects\ShopSphere\.metadata\.plugins\org.eclipse.swt\EBWebView\Default
2026-08-24 16:27:30.934: [INFO] Profiles total count: 1
2026-08-24 16:27:30.935: [INFO] Profile: name=Profile 1 path=D:\Java_Devolpment\Projects\ShopSphere\.metadata\.plugins\org.eclipse.swt\EBWebView\Default lastActive=2026-08-23T16:06:02.939Z
2026-08-24 16:27:30.935: [INFO] LastUsedProfileDir: D:\Java_Devolpment\Projects\ShopSphere\.metadata\.plugins\org.eclipse.swt\EBWebView\Default
2026-08-24 16:27:30.935: [INFO] MostRecentlyActiveProfile: name=Profile 1 path=D:\Java_Devolpment\Projects\ShopSphere\.metadata\.plugins\org.eclipse.swt\EBWebView\Default lastActive=2026-08-23T16:06:02.939Z
2026-08-24 16:27:30.935: [INFO] OnDoneLoading sync enabled: 0
2026-08-24 16:27:30.935: [INFO] BookmarkModelLoaded, ids_reassigned: 0
2026-08-24 16:27:30.935: [INFO] BookmarksLoadDropped droppedNodes=0
2026-08-24 16:27:30.935: [INFO] BookmarksSnapshot Startup total=0 bar=0 other=0 mobile=0 showBar=0 showBarNTP=1
2026-08-24 16:27:31.051: [INFO] BookmarksSnapshot Shutdown total=0 bar=0 other=0 mobile=0 showBar=0 showBarNTP=1
2026-08-24 16:28:01.925: [INFO] CurrentProfilePath: D:\Java_Devolpment\Projects\ShopSphere\.metadata\.plugins\org.eclipse.swt\EBWebView\Default
2026-08-24 16:28:01.925: [INFO] Profiles total count: 1
2026-08-24 16:28:01.926: [INFO] Profile: name=Profile 1 path=D:\Java_Devolpment\Projects\ShopSphere\.metadata\.plugins\org.eclipse.swt\EBWebView\Default lastActive=2026-08-23T16:06:02.939Z
2026-08-24 16:28:01.926: [INFO] LastUsedProfileDir: D:\Java_Devolpment\Projects\ShopSphere\.metadata\.plugins\org.eclipse.swt\EBWebView\Default
2026-08-24 16:28:01.926: [INFO] MostRecentlyActiveProfile: name=Profile 1 path=D:\Java_Devolpment\Projects\ShopSphere\.metadata\.plugins\org.eclipse.swt\EBWebView\Default lastActive=2026-08-23T16:06:02.939Z
2026-08-24 16:28:01.926: [INFO] OnDoneLoading sync enabled: 0
2026-08-24 16:28:01.926: [INFO] BookmarkModelLoaded, ids_reassigned: 0
2026-08-24 16:28:01.926: [INFO] BookmarksLoadDropped droppedNodes=0
2026-08-24 16:28:01.926: [INFO] BookmarksSnapshot Startup total=0 bar=0 other=0 mobile=0 showBar=0 showBarNTP=1
2026-08-24 16:28:02.035: [INFO] BookmarksSnapshot Shutdown total=0 bar=0 other=0 mobile=0 showBar=0 showBarNTP=1
2026-08-24 16:28:35.783: [INFO] CurrentProfilePath: D:\Java_Devolpment\Projects\ShopSphere\.metadata\.plugins\org.eclipse.swt\EBWebView\Default
2026-08-24 16:28:35.783: [INFO] Profiles total count: 1
2026-08-24 16:28:35.784: [INFO] Profile: name=Profile 1 path=D:\Java_Devolpment\Projects\ShopSphere\.metadata\.plugins\org.eclipse.swt\EBWebView\Default lastActive=2026-08-23T16:06:02.939Z
2026-08-24 16:28:35.784: [INFO] LastUsedProfileDir: D:\Java_Devolpment\Projects\ShopSphere\.metadata\.plugins\org.eclipse.swt\EBWebView\Default
2026-08-24 16:28:35.784: [INFO] MostRecentlyActiveProfile: name=Profile 1 path=D:\Java_Devolpment\Projects\ShopSphere\.metadata\.plugins\org.eclipse.swt\EBWebView\Default lastActive=2026-08-23T16:06:02.939Z
2026-08-24 16:28:35.784: [INFO] OnDoneLoading sync enabled: 0
2026-08-24 16:28:35.784: [INFO] BookmarkModelLoaded, ids_reassigned: 0
2026-08-24 16:28:35.784: [INFO] BookmarksLoadDropped droppedNodes=0
2026-08-24 16:28:35.784: [INFO] BookmarksSnapshot Startup total=0 bar=0 other=0 mobile=0 showBar=0 showBarNTP=1
2026-08-24 16:29:38.494: [INFO] BookmarksSnapshot Shutdown total=0 bar=0 other=0 mobile=0 showBar=0 showBarNTP=1
2026-08-24 16:30:42.314: [INFO] CurrentProfilePath: D:\Java_Devolpment\Projects\ShopSphere\.metadata\.plugins\org.eclipse.swt\EBWebView\Default
2026-08-24 16:30:42.314: [INFO] Profiles total count: 1
2026-08-24 16:30:42.315: [INFO] Profile: name=Profile 1 path=D:\Java_Devolpment\Projects\ShopSphere\.metadata\.plugins\org.eclipse.swt\EBWebView\Default lastActive=2026-08-23T16:06:02.939Z
2026-08-24 16:30:42.315: [INFO] LastUsedProfileDir: D:\Java_Devolpment\Projects\ShopSphere\.metadata\.plugins\org.eclipse.swt\EBWebView\Default
2026-08-24 16:30:42.315: [INFO] MostRecentlyActiveProfile: name=Profile 1 path=D:\Java_Devolpment\Projects\ShopSphere\.metadata\.plugins\org.eclipse.swt\EBWebView\Default lastActive=2026-08-23T16:06:02.939Z
2026-08-24 16:30:42.315: [INFO] OnDoneLoading sync enabled: 0
2026-08-24 16:30:42.315: [INFO] BookmarkModelLoaded, ids_reassigned: 0
2026-08-24 16:30:42.315: [INFO] BookmarksLoadDropped droppedNodes=0
2026-08-24 16:30:42.315: [INFO] BookmarksSnapshot Startup total=0 bar=0 other=0 mobile=0 showBar=0 showBarNTP=1
2026-08-24 16:40:09.540: [INFO] BookmarksSnapshot Shutdown total=0 bar=0 other=0 mobile=0 showBar=0 showBarNTP=1
2026-08-24 16:47:48.461: [INFO] CurrentProfilePath: D:\Java_Devolpment\Projects\ShopSphere\.metadata\.plugins\org.eclipse.swt\EBWebView\Default
2026-08-24 16:47:48.461: [INFO] Profiles total count: 1
2026-08-24 16:47:48.461: [INFO] Profile: name=Profile 1 path=D:\Java_Devolpment\Projects\ShopSphere\.metadata\.plugins\org.eclipse.swt\EBWebView\Default lastActive=2026-08-23T16:06:02.939Z
2026-08-24 16:47:48.461: [INFO] LastUsedProfileDir: D:\Java_Devolpment\Projects\ShopSphere\.metadata\.plugins\org.eclipse.swt\EBWebView\Default
2026-08-24 16:47:48.461: [INFO] MostRecentlyActiveProfile: name=Profile 1 path=D:\Java_Devolpment\Projects\ShopSphere\.metadata\.plugins\org.eclipse.swt\EBWebView\Default lastActive=2026-08-23T16:06:02.939Z
2026-08-24 16:47:48.461: [INFO] OnDoneLoading sync enabled: 0
2026-08-24 16:47:48.461: [INFO] BookmarkModelLoaded, ids_reassigned: 0
2026-08-24 16:47:48.461: [INFO] BookmarksLoadDropped droppedNodes=0
2026-08-24 16:47:48.461: [INFO] BookmarksSnapshot Startup total=0 bar=0 other=0 mobile=0 showBar=0 showBarNTP=1
2026-08-24 16:47:50.684: [INFO] BookmarksSnapshot Shutdown total=0 bar=0 other=0 mobile=0 showBar=0 showBarNTP=1
2026-08-24 16:48:42.574: [INFO] CurrentProfilePath: D:\Java_Devolpment\Projects\ShopSphere\.metadata\.plugins\org.eclipse.swt\EBWebView\Default
2026-08-24 16:48:42.574: [INFO] Profiles total count: 1
2026-08-24 16:48:42.575: [INFO] Profile: name=Profile 1 path=D:\Java_Devolpment\Projects\ShopSphere\.metadata\.plugins\org.eclipse.swt\EBWebView\Default lastActive=2026-08-23T16:06:02.939Z
2026-08-24 16:48:42.575: [INFO] LastUsedProfileDir: D:\Java_Devolpment\Projects\ShopSphere\.metadata\.plugins\org.eclipse.swt\EBWebView\Default
2026-08-24 16:48:42.575: [INFO] MostRecentlyActiveProfile: name=Profile 1 path=D:\Java_Devolpment\Projects\ShopSphere\.metadata\.plugins\org.eclipse.swt\EBWebView\Default lastActive=2026-08-23T16:06:02.939Z
2026-08-24 16:48:42.575: [INFO] OnDoneLoading sync enabled: 0
2026-08-24 16:48:42.575: [INFO] BookmarkModelLoaded, ids_reassigned: 0
2026-08-24 16:48:42.575: [INFO] BookmarksLoadDropped droppedNodes=0
2026-08-24 16:48:42.575: [INFO] BookmarksSnapshot Startup total=0 bar=0 other=0 mobile=0 showBar=0 showBarNTP=1
2026-08-24 16:48:42.688: [INFO] BookmarksSnapshot Shutdown total=0 bar=0 other=0 mobile=0 showBar=0 showBarNTP=1
2026-08-24 16:52:32.613: [INFO] CurrentProfilePath: D:\Java_Devolpment\Projects\ShopSphere\.metadata\.plugins\org.eclipse.swt\EBWebView\Default
2026-08-24 16:52:32.613: [INFO] Profiles total count: 1
2026-08-24 16:52:32.613: [INFO] Profile: name=Profile 1 path=D:\Java_Devolpment\Projects\ShopSphere\.metadata\.plugins\org.eclipse.swt\EBWebView\Default lastActive=2026-08-23T16:06:02.939Z
2026-08-24 16:52:32.613: [INFO] LastUsedProfileDir: D:\Java_Devolpment\Projects\ShopSphere\.metadata\.plugins\org.eclipse.swt\EBWebView\Default
2026-08-24 16:52:32.613: [INFO] MostRecentlyActiveProfile: name=Profile 1 path=D:\Java_Devolpment\Projects\ShopSphere\.metadata\.plugins\org.eclipse.swt\EBWebView\Default lastActive=2026-08-23T16:06:02.939Z
2026-08-24 16:52:32.613: [INFO] OnDoneLoading sync enabled: 0
2026-08-24 16:52:32.613: [INFO] BookmarkModelLoaded, ids_reassigned: 0
2026-08-24 16:52:32.613: [INFO] BookmarksLoadDropped droppedNodes=0
2026-08-24 16:52:32.613: [INFO] BookmarksSnapshot Startup total=0 bar=0 other=0 mobile=0 showBar=0 showBarNTP=1
2026-08-24 16:52:44.991: [INFO] BookmarksSnapshot Shutdown total=0 bar=0 other=0 mobile=0 showBar=0 showBarNTP=1
2026-08-24 16:53:06.579: [INFO] CurrentProfilePath: D:\Java_Devolpment\Projects\ShopSphere\.metadata\.plugins\org.eclipse.swt\EBWebView\Default
2026-08-24 16:53:06.579: [INFO] Profiles total count: 1
2026-08-24 16:53:06.579: [INFO] Profile: name=Profile 1 path=D:\Java_Devolpment\Projects\ShopSphere\.metadata\.plugins\org.eclipse.swt\EBWebView\Default lastActive=2026-08-23T16:06:02.939Z
2026-08-24 16:53:06.579: [INFO] LastUsedProfileDir: D:\Java_Devolpment\Projects\ShopSphere\.metadata\.plugins\org.eclipse.swt\EBWebView\Default
2026-08-24 16:53:06.579: [INFO] MostRecentlyActiveProfile: name=Profile 1 path=D:\Java_Devolpment\Projects\ShopSphere\.metadata\.plugins\org.eclipse.swt\EBWebView\Default lastActive=2026-08-23T16:06:02.939Z
2026-08-24 16:53:06.579: [INFO] OnDoneLoading sync enabled: 0
2026-08-24 16:53:06.579: [INFO] BookmarkModelLoaded, ids_reassigned: 0
2026-08-24 16:53:06.579: [INFO] BookmarksLoadDropped droppedNodes=0
2026-08-24 16:53:06.579: [INFO] BookmarksSnapshot Startup total=0 bar=0 other=0 mobile=0 showBar=0 showBarNTP=1
2026-08-24 16:53:25.461: [INFO] BookmarksSnapshot Shutdown total=0 bar=0 other=0 mobile=0 showBar=0 showBarNTP=1
2026-08-24 16:57:44.154: [INFO] CurrentProfilePath: D:\Java_Devolpment\Projects\ShopSphere\.metadata\.plugins\org.eclipse.swt\EBWebView\Default
2026-08-24 16:57:44.154: [INFO] Profiles total count: 1
2026-08-24 16:57:44.154: [INFO] Profile: name=Profile 1 path=D:\Java_Devolpment\Projects\ShopSphere\.metadata\.plugins\org.eclipse.swt\EBWebView\Default lastActive=2026-08-23T16:06:02.939Z
2026-08-24 16:57:44.154: [INFO] LastUsedProfileDir: D:\Java_Devolpment\Projects\ShopSphere\.metadata\.plugins\org.eclipse.swt\EBWebView\Default
2026-08-24 16:57:44.154: [INFO] MostRecentlyActiveProfile: name=Profile 1 path=D:\Java_Devolpment\Projects\ShopSphere\.metadata\.plugins\org.eclipse.swt\EBWebView\Default lastActive=2026-08-23T16:06:02.939Z
2026-08-24 16:57:44.154: [INFO] OnDoneLoading sync enabled: 0
2026-08-24 16:57:44.154: [INFO] BookmarkModelLoaded, ids_reassigned: 0
2026-08-24 16:57:44.154: [INFO] BookmarksLoadDropped droppedNodes=0
2026-08-24 16:57:44.154: [INFO] BookmarksSnapshot Startup total=0 bar=0 other=0 mobile=0 showBar=0 showBarNTP=1
2026-08-24 16:57:44.312: [INFO] BookmarksSnapshot Shutdown total=0 bar=0 other=0 mobile=0 showBar=0 showBarNTP=1
2026-08-24 16:59:09.350: [INFO] CurrentProfilePath: D:\Java_Devolpment\Projects\ShopSphere\.metadata\.plugins\org.eclipse.swt\EBWebView\Default
2026-08-24 16:59:09.350: [INFO] Profiles total count: 1
2026-08-24 16:59:09.351: [INFO] Profile: name=Profile 1 path=D:\Java_Devolpment\Projects\ShopSphere\.metadata\.plugins\org.eclipse.swt\EBWebView\Default lastActive=2026-08-23T16:06:02.939Z
2026-08-24 16:59:09.351: [INFO] LastUsedProfileDir: D:\Java_Devolpment\Projects\ShopSphere\.metadata\.plugins\org.eclipse.swt\EBWebView\Default
2026-08-24 16:59:09.351: [INFO] MostRecentlyActiveProfile: name=Profile 1 path=D:\Java_Devolpment\Projects\ShopSphere\.metadata\.plugins\org.eclipse.swt\EBWebView\Default lastActive=2026-08-23T16:06:02.939Z
2026-08-24 16:59:09.351: [INFO] OnDoneLoading sync enabled: 0
2026-08-24 16:59:09.351: [INFO] BookmarkModelLoaded, ids_reassigned: 0
2026-08-24 16:59:09.351: [INFO] BookmarksLoadDropped droppedNodes=0
2026-08-24 16:59:09.351: [INFO] BookmarksSnapshot Startup total=0 bar=0 other=0 mobile=0 showBar=0 showBarNTP=1
2026-08-24 16:59:09.465: [INFO] BookmarksSnapshot Shutdown total=0 bar=0 other=0 mobile=0 showBar=0 showBarNTP=1
2026-08-24 17:00:21.186: [INFO] CurrentProfilePath: D:\Java_Devolpment\Projects\ShopSphere\.metadata\.plugins\org.eclipse.swt\EBWebView\Default
2026-08-24 17:00:21.186: [INFO] Profiles total count: 1
2026-08-24 17:00:21.186: [INFO] Profile: name=Profile 1 path=D:\Java_Devolpment\Projects\ShopSphere\.metadata\.plugins\org.eclipse.swt\EBWebView\Default lastActive=2026-08-23T16:06:02.939Z
2026-08-24 17:00:21.186: [INFO] LastUsedProfileDir: D:\Java_Devolpment\Projects\ShopSphere\.metadata\.plugins\org.eclipse.swt\EBWebView\Default
2026-08-24 17:00:21.186: [INFO] MostRecentlyActiveProfile: name=Profile 1 path=D:\Java_Devolpment\Projects\ShopSphere\.metadata\.plugins\org.eclipse.swt\EBWebView\Default lastActive=2026-08-23T16:06:02.939Z
2026-08-24 17:00:21.186: [INFO] OnDoneLoading sync enabled: 0
2026-08-24 17:00:21.186: [INFO] BookmarkModelLoaded, ids_reassigned: 0
2026-08-24 17:00:21.186: [INFO] BookmarksLoadDropped droppedNodes=0
2026-08-24 17:00:21.186: [INFO] BookmarksSnapshot Startup total=0 bar=0 other=0 mobile=0 showBar=0 showBarNTP=1
2026-08-24 17:00:21.297: [INFO] BookmarksSnapshot Shutdown total=0 bar=0 other=0 mobile=0 showBar=0 showBarNTP=1
2026-08-24 17:00:24.161: [INFO] CurrentProfilePath: D:\Java_Devolpment\Projects\ShopSphere\.metadata\.plugins\org.eclipse.swt\EBWebView\Default
2026-08-24 17:00:24.161: [INFO] Profiles total count: 1
2026-08-24 17:00:24.161: [INFO] Profile: name=Profile 1 path=D:\Java_Devolpment\Projects\ShopSphere\.metadata\.plugins\org.eclipse.swt\EBWebView\Default lastActive=2026-08-23T16:06:02.939Z
2026-08-24 17:00:24.161: [INFO] LastUsedProfileDir: D:\Java_Devolpment\Projects\ShopSphere\.metadata\.plugins\org.eclipse.swt\EBWebView\Default
2026-08-24 17:00:24.161: [INFO] MostRecentlyActiveProfile: name=Profile 1 path=D:\Java_Devolpment\Projects\ShopSphere\.metadata\.plugins\org.eclipse.swt\EBWebView\Default lastActive=2026-08-23T16:06:02.939Z
2026-08-24 17:00:24.161: [INFO] OnDoneLoading sync enabled: 0
2026-08-24 17:00:24.161: [INFO] BookmarkModelLoaded, ids_reassigned: 0
2026-08-24 17:00:24.161: [INFO] BookmarksLoadDropped droppedNodes=0
2026-08-24 17:00:24.161: [INFO] BookmarksSnapshot Startup total=0 bar=0 other=0 mobile=0 showBar=0 showBarNTP=1
2026-08-24 17:00:24.290: [INFO] BookmarksSnapshot Shutdown total=0 bar=0 other=0 mobile=0 showBar=0 showBarNTP=1
2026-08-24 17:00:26.576: [INFO] CurrentProfilePath: D:\Java_Devolpment\Projects\ShopSphere\.metadata\.plugins\org.eclipse.swt\EBWebView\Default
2026-08-24 17:00:26.576: [INFO] Profiles total count: 1
2026-08-24 17:00:26.576: [INFO] Profile: name=Profile 1 path=D:\Java_Devolpment\Projects\ShopSphere\.metadata\.plugins\org.eclipse.swt\EBWebView\Default lastActive=2026-08-23T16:06:02.939Z
2026-08-24 17:00:26.576: [INFO] LastUsedProfileDir: D:\Java_Devolpment\Projects\ShopSphere\.metadata\.plugins\org.eclipse.swt\EBWebView\Default
2026-08-24 17:00:26.576: [INFO] MostRecentlyActiveProfile: name=Profile 1 path=D:\Java_Devolpment\Projects\ShopSphere\.metadata\.plugins\org.eclipse.swt\EBWebView\Default lastActive=2026-08-23T16:06:02.939Z
2026-08-24 17:00:26.576: [INFO] OnDoneLoading sync enabled: 0
2026-08-24 17:00:26.576: [INFO] BookmarkModelLoaded, ids_reassigned: 0
2026-08-24 17:00:26.576: [INFO] BookmarksLoadDropped droppedNodes=0
2026-08-24 17:00:26.576: [INFO] BookmarksSnapshot Startup total=0 bar=0 other=0 mobile=0 showBar=0 showBarNTP=1
2026-08-24 17:00:26.691: [INFO] BookmarksSnapshot Shutdown total=0 bar=0 other=0 mobile=0 showBar=0 showBarNTP=1
2026-08-24 17:00:30.098: [INFO] CurrentProfilePath: D:\Java_Devolpment\Projects\ShopSphere\.metadata\.plugins\org.eclipse.swt\EBWebView\Default
2026-08-24 17:00:30.098: [INFO] Profiles total count: 1
2026-08-24 17:00:30.099: [INFO] Profile: name=Profile 1 path=D:\Java_Devolpment\Projects\ShopSphere\.metadata\.plugins\org.eclipse.swt\EBWebView\Default lastActive=2026-08-23T16:06:02.939Z
2026-08-24 17:00:30.099: [INFO] LastUsedProfileDir: D:\Java_Devolpment\Projects\ShopSphere\.metadata\.plugins\org.eclipse.swt\EBWebView\Default
2026-08-24 17:00:30.099: [INFO] MostRecentlyActiveProfile: name=Profile 1 path=D:\Java_Devolpment\Projects\ShopSphere\.metadata\.plugins\org.eclipse.swt\EBWebView\Default lastActive=2026-08-23T16:06:02.939Z
2026-08-24 17:00:30.099: [INFO] OnDoneLoading sync enabled: 0
2026-08-24 17:00:30.099: [INFO] BookmarkModelLoaded, ids_reassigned: 0
2026-08-24 17:00:30.099: [INFO] BookmarksLoadDropped droppedNodes=0
2026-08-24 17:00:30.099: [INFO] BookmarksSnapshot Startup total=0 bar=0 other=0 mobile=0 showBar=0 showBarNTP=1
2026-08-24 17:00:30.258: [INFO] BookmarksSnapshot Shutdown total=0 bar=0 other=0 mobile=0 showBar=0 showBarNTP=1
2026-08-24 17:00:42.571: [INFO] CurrentProfilePath: D:\Java_Devolpment\Projects\ShopSphere\.metadata\.plugins\org.eclipse.swt\EBWebView\Default
2026-08-24 17:00:42.571: [INFO] Profiles total count: 1
2026-08-24 17:00:42.572: [INFO] Profile: name=Profile 1 path=D:\Java_Devolpment\Projects\ShopSphere\.metadata\.plugins\org.eclipse.swt\EBWebView\Default lastActive=2026-08-23T16:06:02.939Z
2026-08-24 17:00:42.572: [INFO] LastUsedProfileDir: D:\Java_Devolpment\Projects\ShopSphere\.metadata\.plugins\org.eclipse.swt\EBWebView\Default
2026-08-24 17:00:42.572: [INFO] MostRecentlyActiveProfile: name=Profile 1 path=D:\Java_Devolpment\Projects\ShopSphere\.metadata\.plugins\org.eclipse.swt\EBWebView\Default lastActive=2026-08-23T16:06:02.939Z
2026-08-24 17:00:42.572: [INFO] OnDoneLoading sync enabled: 0
2026-08-24 17:00:42.572: [INFO] BookmarkModelLoaded, ids_reassigned: 0
2026-08-24 17:00:42.572: [INFO] BookmarksLoadDropped droppedNodes=0
2026-08-24 17:00:42.572: [INFO] BookmarksSnapshot Startup total=0 bar=0 other=0 mobile=0 showBar=0 showBarNTP=1
2026-08-24 17:04:11.164: [INFO] BookmarksSnapshot Shutdown total=0 bar=0 other=0 mobile=0 showBar=0 showBarNTP=1
2026-08-24 17:04:26.291: [INFO] CurrentProfilePath: D:\Java_Devolpment\Projects\ShopSphere\.metadata\.plugins\org.eclipse.swt\EBWebView\Default
2026-08-24 17:04:26.291: [INFO] Profiles total count: 1
2026-08-24 17:04:26.291: [INFO] Profile: name=Profile 1 path=D:\Java_Devolpment\Projects\ShopSphere\.metadata\.plugins\org.eclipse.swt\EBWebView\Default lastActive=2026-08-23T16:06:02.939Z
2026-08-24 17:04:26.291: [INFO] LastUsedProfileDir: D:\Java_Devolpment\Projects\ShopSphere\.metadata\.plugins\org.eclipse.swt\EBWebView\Default
2026-08-24 17:04:26.291: [INFO] MostRecentlyActiveProfile: name=Profile 1 path=D:\Java_Devolpment\Projects\ShopSphere\.metadata\.plugins\org.eclipse.swt\EBWebView\Default lastActive=2026-08-23T16:06:02.939Z
2026-08-24 17:04:26.291: [INFO] OnDoneLoading sync enabled: 0
2026-08-24 17:04:26.291: [INFO] BookmarkModelLoaded, ids_reassigned: 0
2026-08-24 17:04:26.291: [INFO] BookmarksLoadDropped droppedNodes=0
2026-08-24 17:04:26.291: [INFO] BookmarksSnapshot Startup total=0 bar=0 other=0 mobile=0 showBar=0 showBarNTP=1
2026-08-24 17:04:26.402: [INFO] BookmarksSnapshot Shutdown total=0 bar=0 other=0 mobile=0 showBar=0 showBarNTP=1
2026-08-24 17:13:30.240: [INFO] CurrentProfilePath: D:\Java_Devolpment\Projects\ShopSphere\.metadata\.plugins\org.eclipse.swt\EBWebView\Default
2026-08-24 17:13:30.240: [INFO] Profiles total count: 1
2026-08-24 17:13:30.241: [INFO] Profile: name=Profile 1 path=D:\Java_Devolpment\Projects\ShopSphere\.metadata\.plugins\org.eclipse.swt\EBWebView\Default lastActive=2026-08-23T16:06:02.939Z
2026-08-24 17:13:30.241: [INFO] LastUsedProfileDir: D:\Java_Devolpment\Projects\ShopSphere\.metadata\.plugins\org.eclipse.swt\EBWebView\Default
2026-08-24 17:13:30.241: [INFO] MostRecentlyActiveProfile: name=Profile 1 path=D:\Java_Devolpment\Projects\ShopSphere\.metadata\.plugins\org.eclipse.swt\EBWebView\Default lastActive=2026-08-23T16:06:02.939Z
2026-08-24 17:13:30.241: [INFO] OnDoneLoading sync enabled: 0
2026-08-24 17:13:30.241: [INFO] BookmarkModelLoaded, ids_reassigned: 0
2026-08-24 17:13:30.241: [INFO] BookmarksLoadDropped droppedNodes=0
2026-08-24 17:13:30.241: [INFO] BookmarksSnapshot Startup total=0 bar=0 other=0 mobile=0 showBar=0 showBarNTP=1
2026-08-24 17:15:49.707: [INFO] BookmarksSnapshot Shutdown total=0 bar=0 other=0 mobile=0 showBar=0 showBarNTP=1
2026-08-24 17:16:31.754: [INFO] CurrentProfilePath: D:\Java_Devolpment\Projects\ShopSphere\.metadata\.plugins\org.eclipse.swt\EBWebView\Default
2026-08-24 17:16:31.754: [INFO] Profiles total count: 1
2026-08-24 17:16:31.754: [INFO] Profile: name=Profile 1 path=D:\Java_Devolpment\Projects\ShopSphere\.metadata\.plugins\org.eclipse.swt\EBWebView\Default lastActive=2026-08-23T16:06:02.939Z
2026-08-24 17:16:31.754: [INFO] LastUsedProfileDir: D:\Java_Devolpment\Projects\ShopSphere\.metadata\.plugins\org.eclipse.swt\EBWebView\Default
2026-08-24 17:16:31.754: [INFO] MostRecentlyActiveProfile: name=Profile 1 path=D:\Java_Devolpment\Projects\ShopSphere\.metadata\.plugins\org.eclipse.swt\EBWebView\Default lastActive=2026-08-23T16:06:02.939Z
2026-08-24 17:16:31.754: [INFO] OnDoneLoading sync enabled: 0
2026-08-24 17:16:31.754: [INFO] BookmarkModelLoaded, ids_reassigned: 0
2026-08-24 17:16:31.754: [INFO] BookmarksLoadDropped droppedNodes=0
2026-08-24 17:16:31.754: [INFO] BookmarksSnapshot Startup total=0 bar=0 other=0 mobile=0 showBar=0 showBarNTP=1
2026-08-24 17:18:08.934: [INFO] BookmarksSnapshot Shutdown total=0 bar=0 other=0 mobile=0 showBar=0 showBarNTP=1
2026-08-24 17:18:31.544: [INFO] CurrentProfilePath: D:\Java_Devolpment\Projects\ShopSphere\.metadata\.plugins\org.eclipse.swt\EBWebView\Default
2026-08-24 17:18:31.544: [INFO] Profiles total count: 1
2026-08-24 17:18:31.545: [INFO] Profile: name=Profile 1 path=D:\Java_Devolpment\Projects\ShopSphere\.metadata\.plugins\org.eclipse.swt\EBWebView\Default lastActive=2026-08-23T16:06:02.939Z
2026-08-24 17:18:31.545: [INFO] LastUsedProfileDir: D:\Java_Devolpment\Projects\ShopSphere\.metadata\.plugins\org.eclipse.swt\EBWebView\Default
2026-08-24 17:18:31.545: [INFO] MostRecentlyActiveProfile: name=Profile 1 path=D:\Java_Devolpment\Projects\ShopSphere\.metadata\.plugins\org.eclipse.swt\EBWebView\Default lastActive=2026-08-23T16:06:02.939Z
2026-08-24 17:18:31.545: [INFO] OnDoneLoading sync enabled: 0
2026-08-24 17:18:31.545: [INFO] BookmarkModelLoaded, ids_reassigned: 0
2026-08-24 17:18:31.545: [INFO] BookmarksLoadDropped droppedNodes=0
2026-08-24 17:18:31.545: [INFO] BookmarksSnapshot Startup total=0 bar=0 other=0 mobile=0 showBar=0 showBarNTP=1
2026-08-24 17:19:02.583: [INFO] BookmarksSnapshot Shutdown total=0 bar=0 other=0 mobile=0 showBar=0 showBarNTP=1
2026-08-24 17:22:28.920: [INFO] CurrentProfilePath: D:\Java_Devolpment\Projects\ShopSphere\.metadata\.plugins\org.eclipse.swt\EBWebView\Default
2026-08-24 17:22:28.920: [INFO] Profiles total count: 1
2026-08-24 17:22:28.920: [INFO] Profile: name=Profile 1 path=D:\Java_Devolpment\Projects\ShopSphere\.metadata\.plugins\org.eclipse.swt\EBWebView\Default lastActive=2026-08-23T16:06:02.939Z
2026-08-24 17:22:28.920: [INFO] LastUsedProfileDir: D:\Java_Devolpment\Projects\ShopSphere\.metadata\.plugins\org.eclipse.swt\EBWebView\Default
2026-08-24 17:22:28.920: [INFO] MostRecentlyActiveProfile: name=Profile 1 path=D:\Java_Devolpment\Projects\ShopSphere\.metadata\.plugins\org.eclipse.swt\EBWebView\Default lastActive=2026-08-23T16:06:02.939Z
2026-08-24 17:22:28.920: [INFO] OnDoneLoading sync enabled: 0
2026-08-24 17:22:28.920: [INFO] BookmarkModelLoaded, ids_reassigned: 0
2026-08-24 17:22:28.920: [INFO] BookmarksLoadDropped droppedNodes=0
2026-08-24 17:22:28.920: [INFO] BookmarksSnapshot Startup total=0 bar=0 other=0 mobile=0 showBar=0 showBarNTP=1
2026-08-24 17:22:49.098: [INFO] BookmarksSnapshot Shutdown total=0 bar=0 other=0 mobile=0 showBar=0 showBarNTP=1
2026-08-24 17:23:02.327: [INFO] CurrentProfilePath: D:\Java_Devolpment\Projects\ShopSphere\.metadata\.plugins\org.eclipse.swt\EBWebView\Default
2026-08-24 17:23:02.327: [INFO] Profiles total count: 1
2026-08-24 17:23:02.328: [INFO] Profile: name=Profile 1 path=D:\Java_Devolpment\Projects\ShopSphere\.metadata\.plugins\org.eclipse.swt\EBWebView\Default lastActive=2026-08-23T16:06:02.939Z
2026-08-24 17:23:02.328: [INFO] LastUsedProfileDir: D:\Java_Devolpment\Projects\ShopSphere\.metadata\.plugins\org.eclipse.swt\EBWebView\Default
2026-08-24 17:23:02.328: [INFO] MostRecentlyActiveProfile: name=Profile 1 path=D:\Java_Devolpment\Projects\ShopSphere\.metadata\.plugins\org.eclipse.swt\EBWebView\Default lastActive=2026-08-23T16:06:02.939Z
2026-08-24 17:23:02.328: [INFO] OnDoneLoading sync enabled: 0
2026-08-24 17:23:02.328: [INFO] BookmarkModelLoaded, ids_reassigned: 0
2026-08-24 17:23:02.328: [INFO] BookmarksLoadDropped droppedNodes=0
2026-08-24 17:23:02.328: [INFO] BookmarksSnapshot Startup total=0 bar=0 other=0 mobile=0 showBar=0 showBarNTP=1
2026-08-24 17:24:44.824: [INFO] BookmarksSnapshot Shutdown total=0 bar=0 other=0 mobile=0 showBar=0 showBarNTP=1
2026-08-24 17:24:44.901: [INFO] CurrentProfilePath: D:\Java_Devolpment\Projects\ShopSphere\.metadata\.plugins\org.eclipse.swt\EBWebView\Default
2026-08-24 17:24:44.901: [INFO] Profiles total count: 1
2026-08-24 17:24:44.902: [INFO] Profile: name=Profile 1 path=D:\Java_Devolpment\Projects\ShopSphere\.metadata\.plugins\org.eclipse.swt\EBWebView\Default lastActive=2026-08-23T16:06:02.939Z
2026-08-24 17:24:44.902: [INFO] LastUsedProfileDir: D:\Java_Devolpment\Projects\ShopSphere\.metadata\.plugins\org.eclipse.swt\EBWebView\Default
2026-08-24 17:24:44.902: [INFO] MostRecentlyActiveProfile: name=Profile 1 path=D:\Java_Devolpment\Projects\ShopSphere\.metadata\.plugins\org.eclipse.swt\EBWebView\Default lastActive=2026-08-23T16:06:02.939Z
2026-08-24 17:24:44.902: [INFO] OnDoneLoading sync enabled: 0
2026-08-24 17:24:44.902: [INFO] BookmarkModelLoaded, ids_reassigned: 0
2026-08-24 17:24:44.902: [INFO] BookmarksLoadDropped droppedNodes=0
2026-08-24 17:24:44.902: [INFO] BookmarksSnapshot Startup total=0 bar=0 other=0 mobile=0 showBar=0 showBarNTP=1
2026-08-24 17:25:11.865: [INFO] BookmarksSnapshot Shutdown total=0 bar=0 other=0 mobile=0 showBar=0 showBarNTP=1
2026-08-24 17:25:21.066: [INFO] CurrentProfilePath: D:\Java_Devolpment\Projects\ShopSphere\.metadata\.plugins\org.eclipse.swt\EBWebView\Default
2026-08-24 17:25:21.066: [INFO] Profiles total count: 1
2026-08-24 17:25:21.066: [INFO] Profile: name=Profile 1 path=D:\Java_Devolpment\Projects\ShopSphere\.metadata\.plugins\org.eclipse.swt\EBWebView\Default lastActive=2026-08-23T16:06:02.939Z
2026-08-24 17:25:21.066: [INFO] LastUsedProfileDir: D:\Java_Devolpment\Projects\ShopSphere\.metadata\.plugins\org.eclipse.swt\EBWebView\Default
2026-08-24 17:25:21.066: [INFO] MostRecentlyActiveProfile: name=Profile 1 path=D:\Java_Devolpment\Projects\ShopSphere\.metadata\.plugins\org.eclipse.swt\EBWebView\Default lastActive=2026-08-23T16:06:02.939Z
2026-08-24 17:25:21.066: [INFO] OnDoneLoading sync enabled: 0
2026-08-24 17:25:21.066: [INFO] BookmarkModelLoaded, ids_reassigned: 0
2026-08-24 17:25:21.066: [INFO] BookmarksLoadDropped droppedNodes=0
2026-08-24 17:25:21.066: [INFO] BookmarksSnapshot Startup total=0 bar=0 other=0 mobile=0 showBar=0 showBarNTP=1
2026-08-24 17:25:43.857: [INFO] BookmarksSnapshot Shutdown total=0 bar=0 other=0 mobile=0 showBar=0 showBarNTP=1
2026-08-24 17:27:33.380: [INFO] CurrentProfilePath: D:\Java_Devolpment\Projects\ShopSphere\.metadata\.plugins\org.eclipse.swt\EBWebView\Default
2026-08-24 17:27:33.380: [INFO] Profiles total count: 1
2026-08-24 17:27:33.380: [INFO] Profile: name=Profile 1 path=D:\Java_Devolpment\Projects\ShopSphere\.metadata\.plugins\org.eclipse.swt\EBWebView\Default lastActive=2026-08-23T16:06:02.939Z
2026-08-24 17:27:33.380: [INFO] LastUsedProfileDir: D:\Java_Devolpment\Projects\ShopSphere\.metadata\.plugins\org.eclipse.swt\EBWebView\Default
2026-08-24 17:27:33.380: [INFO] MostRecentlyActiveProfile: name=Profile 1 path=D:\Java_Devolpment\Projects\ShopSphere\.metadata\.plugins\org.eclipse.swt\EBWebView\Default lastActive=2026-08-23T16:06:02.939Z
2026-08-24 17:27:33.380: [INFO] OnDoneLoading sync enabled: 0
2026-08-24 17:27:33.380: [INFO] BookmarkModelLoaded, ids_reassigned: 0
2026-08-24 17:27:33.380: [INFO] BookmarksLoadDropped droppedNodes=0
2026-08-24 17:27:33.380: [INFO] BookmarksSnapshot Startup total=0 bar=0 other=0 mobile=0 showBar=0 showBarNTP=1
2026-08-24 17:31:56.857: [INFO] BookmarksSnapshot Shutdown total=0 bar=0 other=0 mobile=0 showBar=0 showBarNTP=1
2026-08-25 05:44:52.174: [INFO] CurrentProfilePath: D:\Java_Devolpment\Projects\ShopSphere\.metadata\.plugins\org.eclipse.swt\EBWebView\Default
2026-08-25 05:44:52.174: [INFO] Profiles total count: 1
2026-08-25 05:44:52.174: [INFO] Profile: name=Profile 1 path=D:\Java_Devolpment\Projects\ShopSphere\.metadata\.plugins\org.eclipse.swt\EBWebView\Default lastActive=2026-08-23T16:06:02.939Z
2026-08-25 05:44:52.174: [INFO] LastUsedProfileDir: D:\Java_Devolpment\Projects\ShopSphere\.metadata\.plugins\org.eclipse.swt\EBWebView\Default
2026-08-25 05:44:52.174: [INFO] MostRecentlyActiveProfile: name=Profile 1 path=D:\Java_Devolpment\Projects\ShopSphere\.metadata\.plugins\org.eclipse.swt\EBWebView\Default lastActive=2026-08-23T16:06:02.939Z
2026-08-25 05:44:52.174: [INFO] OnDoneLoading sync enabled: 0
2026-08-25 05:44:52.175: [INFO] BookmarkModelLoaded, ids_reassigned: 0
2026-08-25 05:44:52.175: [INFO] BookmarksLoadDropped droppedNodes=0
2026-08-25 05:44:52.175: [INFO] BookmarksSnapshot Startup total=0 bar=0 other=0 mobile=0 showBar=0 showBarNTP=1
2026-08-25 05:44:54.667: [INFO] BookmarksSnapshot Shutdown total=0 bar=0 other=0 mobile=0 showBar=0 showBarNTP=1
2026-08-25 05:45:38.516: [INFO] CurrentProfilePath: D:\Java_Devolpment\Projects\ShopSphere\.metadata\.plugins\org.eclipse.swt\EBWebView\Default
2026-08-25 05:45:38.516: [INFO] Profiles total count: 1
2026-08-25 05:45:38.516: [INFO] Profile: name=Profile 1 path=D:\Java_Devolpment\Projects\ShopSphere\.metadata\.plugins\org.eclipse.swt\EBWebView\Default lastActive=2026-08-23T16:06:02.939Z
2026-08-25 05:45:38.516: [INFO] LastUsedProfileDir: D:\Java_Devolpment\Projects\ShopSphere\.metadata\.plugins\org.eclipse.swt\EBWebView\Default
2026-08-25 05:45:38.516: [INFO] MostRecentlyActiveProfile: name=Profile 1 path=D:\Java_Devolpment\Projects\ShopSphere\.metadata\.plugins\org.eclipse.swt\EBWebView\Default lastActive=2026-08-23T16:06:02.939Z
2026-08-25 05:45:38.516: [INFO] OnDoneLoading sync enabled: 0
2026-08-25 05:45:38.516: [INFO] BookmarkModelLoaded, ids_reassigned: 0
2026-08-25 05:45:38.516: [INFO] BookmarksLoadDropped droppedNodes=0
2026-08-25 05:45:38.516: [INFO] BookmarksSnapshot Startup total=0 bar=0 other=0 mobile=0 showBar=0 showBarNTP=1
2026-08-25 05:45:38.638: [INFO] BookmarksSnapshot Shutdown total=0 bar=0 other=0 mobile=0 showBar=0 showBarNTP=1
2026-08-25 05:46:21.842: [INFO] CurrentProfilePath: D:\Java_Devolpment\Projects\ShopSphere\.metadata\.plugins\org.eclipse.swt\EBWebView\Default
2026-08-25 05:46:21.842: [INFO] Profiles total count: 1
2026-08-25 05:46:21.842: [INFO] Profile: name=Profile 1 path=D:\Java_Devolpment\Projects\ShopSphere\.metadata\.plugins\org.eclipse.swt\EBWebView\Default lastActive=2026-08-23T16:06:02.939Z
2026-08-25 05:46:21.842: [INFO] LastUsedProfileDir: D:\Java_Devolpment\Projects\ShopSphere\.metadata\.plugins\org.eclipse.swt\EBWebView\Default
2026-08-25 05:46:21.842: [INFO] MostRecentlyActiveProfile: name=Profile 1 path=D:\Java_Devolpment\Projects\ShopSphere\.metadata\.plugins\org.eclipse.swt\EBWebView\Default lastActive=2026-08-23T16:06:02.939Z
2026-08-25 05:46:21.842: [INFO] OnDoneLoading sync enabled: 0
2026-08-25 05:46:21.842: [INFO] BookmarkModelLoaded, ids_reassigned: 0
2026-08-25 05:46:21.842: [INFO] BookmarksLoadDropped droppedNodes=0
2026-08-25 05:46:21.842: [INFO] BookmarksSnapshot Startup total=0 bar=0 other=0 mobile=0 showBar=0 showBarNTP=1
2026-08-25 05:46:26.184: [INFO] BookmarksSnapshot Shutdown total=0 bar=0 other=0 mobile=0 showBar=0 showBarNTP=1
2026-08-25 05:46:34.703: [INFO] CurrentProfilePath: D:\Java_Devolpment\Projects\ShopSphere\.metadata\.plugins\org.eclipse.swt\EBWebView\Default
2026-08-25 05:46:34.703: [INFO] Profiles total count: 1
2026-08-25 05:46:34.703: [INFO] Profile: name=Profile 1 path=D:\Java_Devolpment\Projects\ShopSphere\.metadata\.plugins\org.eclipse.swt\EBWebView\Default lastActive=2026-08-23T16:06:02.939Z
2026-08-25 05:46:34.703: [INFO] LastUsedProfileDir: D:\Java_Devolpment\Projects\ShopSphere\.metadata\.plugins\org.eclipse.swt\EBWebView\Default
2026-08-25 05:46:34.703: [INFO] MostRecentlyActiveProfile: name=Profile 1 path=D:\Java_Devolpment\Projects\ShopSphere\.metadata\.plugins\org.eclipse.swt\EBWebView\Default lastActive=2026-08-23T16:06:02.939Z
2026-08-25 05:46:34.703: [INFO] OnDoneLoading sync enabled: 0
2026-08-25 05:46:34.703: [INFO] BookmarkModelLoaded, ids_reassigned: 0
2026-08-25 05:46:34.703: [INFO] BookmarksLoadDropped droppedNodes=0
2026-08-25 05:46:34.703: [INFO] BookmarksSnapshot Startup total=0 bar=0 other=0 mobile=0 showBar=0 showBarNTP=1
2026-08-25 05:47:04.372: [INFO] BookmarksSnapshot Shutdown total=0 bar=0 other=0 mobile=0 showBar=0 showBarNTP=1
2026-08-25 05:47:09.815: [INFO] CurrentProfilePath: D:\Java_Devolpment\Projects\ShopSphere\.metadata\.plugins\org.eclipse.swt\EBWebView\Default
2026-08-25 05:47:09.815: [INFO] Profiles total count: 1
2026-08-25 05:47:09.816: [INFO] Profile: name=Profile 1 path=D:\Java_Devolpment\Projects\ShopSphere\.metadata\.plugins\org.eclipse.swt\EBWebView\Default lastActive=2026-08-23T16:06:02.939Z
2026-08-25 05:47:09.816: [INFO] LastUsedProfileDir: D:\Java_Devolpment\Projects\ShopSphere\.metadata\.plugins\org.eclipse.swt\EBWebView\Default
2026-08-25 05:47:09.816: [INFO] MostRecentlyActiveProfile: name=Profile 1 path=D:\Java_Devolpment\Projects\ShopSphere\.metadata\.plugins\org.eclipse.swt\EBWebView\Default lastActive=2026-08-23T16:06:02.939Z
2026-08-25 05:47:09.816: [INFO] OnDoneLoading sync enabled: 0
2026-08-25 05:47:09.816: [INFO] BookmarkModelLoaded, ids_reassigned: 0
2026-08-25 05:47:09.816: [INFO] BookmarksLoadDropped droppedNodes=0
2026-08-25 05:47:09.816: [INFO] BookmarksSnapshot Startup total=0 bar=0 other=0 mobile=0 showBar=0 showBarNTP=1
2026-08-25 05:47:40.448: [INFO] BookmarksSnapshot Shutdown total=0 bar=0 other=0 mobile=0 showBar=0 showBarNTP=1
2026-08-25 05:49:22.050: [INFO] CurrentProfilePath: D:\Java_Devolpment\Projects\ShopSphere\.metadata\.plugins\org.eclipse.swt\EBWebView\Default
2026-08-25 05:49:22.050: [INFO] Profiles total count: 1
2026-08-25 05:49:22.050: [INFO] Profile: name=Profile 1 path=D:\Java_Devolpment\Projects\ShopSphere\.metadata\.plugins\org.eclipse.swt\EBWebView\Default lastActive=2026-08-23T16:06:02.939Z
2026-08-25 05:49:22.050: [INFO] LastUsedProfileDir: D:\Java_Devolpment\Projects\ShopSphere\.metadata\.plugins\org.eclipse.swt\EBWebView\Default
2026-08-25 05:49:22.050: [INFO] MostRecentlyActiveProfile: name=Profile 1 path=D:\Java_Devolpment\Projects\ShopSphere\.metadata\.plugins\org.eclipse.swt\EBWebView\Default lastActive=2026-08-23T16:06:02.939Z
2026-08-25 05:49:22.050: [INFO] OnDoneLoading sync enabled: 0
2026-08-25 05:49:22.050: [INFO] BookmarkModelLoaded, ids_reassigned: 0
2026-08-25 05:49:22.050: [INFO] BookmarksLoadDropped droppedNodes=0
2026-08-25 05:49:22.050: [INFO] BookmarksSnapshot Startup total=0 bar=0 other=0 mobile=0 showBar=0 showBarNTP=1
2026-08-25 05:49:22.228: [INFO] BookmarksSnapshot Shutdown total=0 bar=0 other=0 mobile=0 showBar=0 showBarNTP=1
2026-08-25 05:49:29.480: [INFO] CurrentProfilePath: D:\Java_Devolpment\Projects\ShopSphere\.metadata\.plugins\org.eclipse.swt\EBWebView\Default
2026-08-25 05:49:29.480: [INFO] Profiles total count: 1
2026-08-25 05:49:29.480: [INFO] Profile: name=Profile 1 path=D:\Java_Devolpment\Projects\ShopSphere\.metadata\.plugins\org.eclipse.swt\EBWebView\Default lastActive=2026-08-23T16:06:02.939Z
2026-08-25 05:49:29.480: [INFO] LastUsedProfileDir: D:\Java_Devolpment\Projects\ShopSphere\.metadata\.plugins\org.eclipse.swt\EBWebView\Default
2026-08-25 05:49:29.480: [INFO] MostRecentlyActiveProfile: name=Profile 1 path=D:\Java_Devolpment\Projects\ShopSphere\.metadata\.plugins\org.eclipse.swt\EBWebView\Default lastActive=2026-08-23T16:06:02.939Z
2026-08-25 05:49:29.480: [INFO] OnDoneLoading sync enabled: 0
2026-08-25 05:49:29.480: [INFO] BookmarkModelLoaded, ids_reassigned: 0
2026-08-25 05:49:29.480: [INFO] BookmarksLoadDropped droppedNodes=0
2026-08-25 05:49:29.480: [INFO] BookmarksSnapshot Startup total=0 bar=0 other=0 mobile=0 showBar=0 showBarNTP=1
2026-08-25 05:52:07.906: [INFO] BookmarksSnapshot Shutdown total=0 bar=0 other=0 mobile=0 showBar=0 showBarNTP=1
2026-08-25 05:52:11.326: [INFO] CurrentProfilePath: D:\Java_Devolpment\Projects\ShopSphere\.metadata\.plugins\org.eclipse.swt\EBWebView\Default
2026-08-25 05:52:11.326: [INFO] Profiles total count: 1
2026-08-25 05:52:11.326: [INFO] Profile: name=Profile 1 path=D:\Java_Devolpment\Projects\ShopSphere\.metadata\.plugins\org.eclipse.swt\EBWebView\Default lastActive=2026-08-23T16:06:02.939Z
2026-08-25 05:52:11.326: [INFO] LastUsedProfileDir: D:\Java_Devolpment\Projects\ShopSphere\.metadata\.plugins\org.eclipse.swt\EBWebView\Default
2026-08-25 05:52:11.326: [INFO] MostRecentlyActiveProfile: name=Profile 1 path=D:\Java_Devolpment\Projects\ShopSphere\.metadata\.plugins\org.eclipse.swt\EBWebView\Default lastActive=2026-08-23T16:06:02.939Z
2026-08-25 05:52:11.326: [INFO] OnDoneLoading sync enabled: 0
2026-08-25 05:52:11.326: [INFO] BookmarkModelLoaded, ids_reassigned: 0
2026-08-25 05:52:11.326: [INFO] BookmarksLoadDropped droppedNodes=0
2026-08-25 05:52:11.326: [INFO] BookmarksSnapshot Startup total=0 bar=0 other=0 mobile=0 showBar=0 showBarNTP=1
2026-08-25 05:52:45.015: [INFO] BookmarksSnapshot Shutdown total=0 bar=0 other=0 mobile=0 showBar=0 showBarNTP=1
2026-08-25 05:53:21.980: [INFO] CurrentProfilePath: D:\Java_Devolpment\Projects\ShopSphere\.metadata\.plugins\org.eclipse.swt\EBWebView\Default
2026-08-25 05:53:21.980: [INFO] Profiles total count: 1
2026-08-25 05:53:21.980: [INFO] Profile: name=Profile 1 path=D:\Java_Devolpment\Projects\ShopSphere\.metadata\.plugins\org.eclipse.swt\EBWebView\Default lastActive=2026-08-23T16:06:02.939Z
2026-08-25 05:53:21.980: [INFO] LastUsedProfileDir: D:\Java_Devolpment\Projects\ShopSphere\.metadata\.plugins\org.eclipse.swt\EBWebView\Default
2026-08-25 05:53:21.980: [INFO] MostRecentlyActiveProfile: name=Profile 1 path=D:\Java_Devolpment\Projects\ShopSphere\.metadata\.plugins\org.eclipse.swt\EBWebView\Default lastActive=2026-08-23T16:06:02.939Z
2026-08-25 05:53:21.980: [INFO] OnDoneLoading sync enabled: 0
2026-08-25 05:53:21.980: [INFO] BookmarkModelLoaded, ids_reassigned: 0
2026-08-25 05:53:21.980: [INFO] BookmarksLoadDropped droppedNodes=0
2026-08-25 05:53:21.980: [INFO] BookmarksSnapshot Startup total=0 bar=0 other=0 mobile=0 showBar=0 showBarNTP=1
2026-08-25 05:56:33.796: [INFO] BookmarksSnapshot Shutdown total=0 bar=0 other=0 mobile=0 showBar=0 showBarNTP=1
2026-08-25 05:56:44.282: [INFO] CurrentProfilePath: D:\Java_Devolpment\Projects\ShopSphere\.metadata\.plugins\org.eclipse.swt\EBWebView\Default
2026-08-25 05:56:44.282: [INFO] Profiles total count: 1
2026-08-25 05:56:44.283: [INFO] Profile: name=Profile 1 path=D:\Java_Devolpment\Projects\ShopSphere\.metadata\.plugins\org.eclipse.swt\EBWebView\Default lastActive=2026-08-23T16:06:02.939Z
2026-08-25 05:56:44.283: [INFO] LastUsedProfileDir: D:\Java_Devolpment\Projects\ShopSphere\.metadata\.plugins\org.eclipse.swt\EBWebView\Default
2026-08-25 05:56:44.283: [INFO] MostRecentlyActiveProfile: name=Profile 1 path=D:\Java_Devolpment\Projects\ShopSphere\.metadata\.plugins\org.eclipse.swt\EBWebView\Default lastActive=2026-08-23T16:06:02.939Z
2026-08-25 05:56:44.283: [INFO] OnDoneLoading sync enabled: 0
2026-08-25 05:56:44.283: [INFO] BookmarkModelLoaded, ids_reassigned: 0
2026-08-25 05:56:44.283: [INFO] BookmarksLoadDropped droppedNodes=0
2026-08-25 05:56:44.283: [INFO] BookmarksSnapshot Startup total=0 bar=0 other=0 mobile=0 showBar=0 showBarNTP=1
2026-08-25 06:00:06.584: [INFO] BookmarksSnapshot Shutdown total=0 bar=0 other=0 mobile=0 showBar=0 showBarNTP=1
2026-08-25 06:00:14.020: [INFO] CurrentProfilePath: D:\Java_Devolpment\Projects\ShopSphere\.metadata\.plugins\org.eclipse.swt\EBWebView\Default
2026-08-25 06:00:14.020: [INFO] Profiles total count: 1
2026-08-25 06:00:14.021: [INFO] Profile: name=Profile 1 path=D:\Java_Devolpment\Projects\ShopSphere\.metadata\.plugins\org.eclipse.swt\EBWebView\Default lastActive=2026-08-23T16:06:02.939Z
2026-08-25 06:00:14.021: [INFO] LastUsedProfileDir: D:\Java_Devolpment\Projects\ShopSphere\.metadata\.plugins\org.eclipse.swt\EBWebView\Default
2026-08-25 06:00:14.021: [INFO] MostRecentlyActiveProfile: name=Profile 1 path=D:\Java_Devolpment\Projects\ShopSphere\.metadata\.plugins\org.eclipse.swt\EBWebView\Default lastActive=2026-08-23T16:06:02.939Z
2026-08-25 06:00:14.021: [INFO] OnDoneLoading sync enabled: 0
2026-08-25 06:00:14.021: [INFO] BookmarkModelLoaded, ids_reassigned: 0
2026-08-25 06:00:14.021: [INFO] BookmarksLoadDropped droppedNodes=0
2026-08-25 06:00:14.021: [INFO] BookmarksSnapshot Startup total=0 bar=0 other=0 mobile=0 showBar=0 showBarNTP=1
2026-08-25 06:00:36.443: [INFO] BookmarksSnapshot Shutdown total=0 bar=0 other=0 mobile=0 showBar=0 showBarNTP=1
2026-08-25 06:00:46.703: [INFO] CurrentProfilePath: D:\Java_Devolpment\Projects\ShopSphere\.metadata\.plugins\org.eclipse.swt\EBWebView\Default
2026-08-25 06:00:46.703: [INFO] Profiles total count: 1
2026-08-25 06:00:46.703: [INFO] Profile: name=Profile 1 path=D:\Java_Devolpment\Projects\ShopSphere\.metadata\.plugins\org.eclipse.swt\EBWebView\Default lastActive=2026-08-23T16:06:02.939Z
2026-08-25 06:00:46.703: [INFO] LastUsedProfileDir: D:\Java_Devolpment\Projects\ShopSphere\.metadata\.plugins\org.eclipse.swt\EBWebView\Default
2026-08-25 06:00:46.703: [INFO] MostRecentlyActiveProfile: name=Profile 1 path=D:\Java_Devolpment\Projects\ShopSphere\.metadata\.plugins\org.eclipse.swt\EBWebView\Default lastActive=2026-08-23T16:06:02.939Z
2026-08-25 06:00:46.703: [INFO] OnDoneLoading sync enabled: 0
2026-08-25 06:00:46.703: [INFO] BookmarkModelLoaded, ids_reassigned: 0
2026-08-25 06:00:46.703: [INFO] BookmarksLoadDropped droppedNodes=0
2026-08-25 06:00:46.704: [INFO] BookmarksSnapshot Startup total=0 bar=0 other=0 mobile=0 showBar=0 showBarNTP=1
2026-08-25 06:22:59.852: [INFO] BookmarksSnapshot Shutdown total=0 bar=0 other=0 mobile=0 showBar=0 showBarNTP=1
2026-08-25 06:33:50.058: [INFO] CurrentProfilePath: D:\Java_Devolpment\Projects\ShopSphere\.metadata\.plugins\org.eclipse.swt\EBWebView\Default
2026-08-25 06:33:50.058: [INFO] Profiles total count: 1
2026-08-25 06:33:50.058: [INFO] Profile: name=Profile 1 path=D:\Java_Devolpment\Projects\ShopSphere\.metadata\.plugins\org.eclipse.swt\EBWebView\Default lastActive=2026-08-23T16:06:02.939Z
2026-08-25 06:33:50.058: [INFO] LastUsedProfileDir: D:\Java_Devolpment\Projects\ShopSphere\.metadata\.plugins\org.eclipse.swt\EBWebView\Default
2026-08-25 06:33:50.058: [INFO] MostRecentlyActiveProfile: name=Profile 1 path=D:\Java_Devolpment\Projects\ShopSphere\.metadata\.plugins\org.eclipse.swt\EBWebView\Default lastActive=2026-08-23T16:06:02.939Z
2026-08-25 06:33:50.058: [INFO] OnDoneLoading sync enabled: 0
2026-08-25 06:33:50.058: [INFO] BookmarkModelLoaded, ids_reassigned: 0
2026-08-25 06:33:50.058: [INFO] BookmarksLoadDropped droppedNodes=0
2026-08-25 06:33:50.058: [INFO] BookmarksSnapshot Startup total=0 bar=0 other=0 mobile=0 showBar=0 showBarNTP=1
2026-08-25 07:16:18.574: [INFO] BookmarksSnapshot Shutdown total=0 bar=0 other=0 mobile=0 showBar=0 showBarNTP=1
2026-08-25 07:19:33.159: [INFO] CurrentProfilePath: D:\Java_Devolpment\Projects\ShopSphere\.metadata\.plugins\org.eclipse.swt\EBWebView\Default
2026-08-25 07:19:33.159: [INFO] Profiles total count: 1
2026-08-25 07:19:33.160: [INFO] Profile: name=Profile 1 path=D:\Java_Devolpment\Projects\ShopSphere\.metadata\.plugins\org.eclipse.swt\EBWebView\Default lastActive=2026-08-23T16:06:02.939Z
2026-08-25 07:19:33.160: [INFO] LastUsedProfileDir: D:\Java_Devolpment\Projects\ShopSphere\.metadata\.plugins\org.eclipse.swt\EBWebView\Default
2026-08-25 07:19:33.160: [INFO] MostRecentlyActiveProfile: name=Profile 1 path=D:\Java_Devolpment\Projects\ShopSphere\.metadata\.plugins\org.eclipse.swt\EBWebView\Default lastActive=2026-08-23T16:06:02.939Z
2026-08-25 07:19:33.160: [INFO] OnDoneLoading sync enabled: 0
2026-08-25 07:19:33.160: [INFO] BookmarkModelLoaded, ids_reassigned: 0
2026-08-25 07:19:33.160: [INFO] BookmarksLoadDropped droppedNodes=0
2026-08-25 07:19:33.160: [INFO] BookmarksSnapshot Startup total=0 bar=0 other=0 mobile=0 showBar=0 showBarNTP=1
2026-08-25 08:10:27.675: [INFO] BookmarksSnapshot Shutdown total=0 bar=0 other=0 mobile=0 showBar=0 showBarNTP=1
2026-08-25 08:18:01.890: [INFO] CurrentProfilePath: D:\Java_Devolpment\Projects\ShopSphere\.metadata\.plugins\org.eclipse.swt\EBWebView\Default
2026-08-25 08:18:01.890: [INFO] Profiles total count: 1
2026-08-25 08:18:01.890: [INFO] Profile: name=Profile 1 path=D:\Java_Devolpment\Projects\ShopSphere\.metadata\.plugins\org.eclipse.swt\EBWebView\Default lastActive=2026-08-23T16:06:02.939Z
2026-08-25 08:18:01.891: [INFO] LastUsedProfileDir: D:\Java_Devolpment\Projects\ShopSphere\.metadata\.plugins\org.eclipse.swt\EBWebView\Default
2026-08-25 08:18:01.891: [INFO] MostRecentlyActiveProfile: name=Profile 1 path=D:\Java_Devolpment\Projects\ShopSphere\.metadata\.plugins\org.eclipse.swt\EBWebView\Default lastActive=2026-08-23T16:06:02.939Z
2026-08-25 08:18:01.891: [INFO] OnDoneLoading sync enabled: 0
2026-08-25 08:18:01.891: [INFO] BookmarkModelLoaded, ids_reassigned: 0
2026-08-25 08:18:01.891: [INFO] BookmarksLoadDropped droppedNodes=0
2026-08-25 08:18:01.891: [INFO] BookmarksSnapshot Startup total=0 bar=0 other=0 mobile=0 showBar=0 showBarNTP=1
2026-08-25 08:18:08.023: [INFO] BookmarksSnapshot Shutdown total=0 bar=0 other=0 mobile=0 showBar=0 showBarNTP=1
2026-08-25 08:20:07.419: [INFO] CurrentProfilePath: D:\Java_Devolpment\Projects\ShopSphere\.metadata\.plugins\org.eclipse.swt\EBWebView\Default
2026-08-25 08:20:07.419: [INFO] Profiles total count: 1
2026-08-25 08:20:07.419: [INFO] Profile: name=Profile 1 path=D:\Java_Devolpment\Projects\ShopSphere\.metadata\.plugins\org.eclipse.swt\EBWebView\Default lastActive=2026-08-23T16:06:02.939Z
2026-08-25 08:20:07.419: [INFO] LastUsedProfileDir: D:\Java_Devolpment\Projects\ShopSphere\.metadata\.plugins\org.eclipse.swt\EBWebView\Default
2026-08-25 08:20:07.419: [INFO] MostRecentlyActiveProfile: name=Profile 1 path=D:\Java_Devolpment\Projects\ShopSphere\.metadata\.plugins\org.eclipse.swt\EBWebView\Default lastActive=2026-08-23T16:06:02.939Z
2026-08-25 08:20:07.419: [INFO] OnDoneLoading sync enabled: 0
2026-08-25 08:20:07.419: [INFO] BookmarkModelLoaded, ids_reassigned: 0
2026-08-25 08:20:07.419: [INFO] BookmarksLoadDropped droppedNodes=0
2026-08-25 08:20:07.419: [INFO] BookmarksSnapshot Startup total=0 bar=0 other=0 mobile=0 showBar=0 showBarNTP=1
2026-08-25 08:20:50.895: [INFO] BookmarksSnapshot Shutdown total=0 bar=0 other=0 mobile=0 showBar=0 showBarNTP=1
2026-08-25 08:21:45.975: [INFO] CurrentProfilePath: D:\Java_Devolpment\Projects\ShopSphere\.metadata\.plugins\org.eclipse.swt\EBWebView\Default
2026-08-25 08:21:45.975: [INFO] Profiles total count: 1
2026-08-25 08:21:45.975: [INFO] Profile: name=Profile 1 path=D:\Java_Devolpment\Projects\ShopSphere\.metadata\.plugins\org.eclipse.swt\EBWebView\Default lastActive=2026-08-23T16:06:02.939Z
2026-08-25 08:21:45.975: [INFO] LastUsedProfileDir: D:\Java_Devolpment\Projects\ShopSphere\.metadata\.plugins\org.eclipse.swt\EBWebView\Default
2026-08-25 08:21:45.975: [INFO] MostRecentlyActiveProfile: name=Profile 1 path=D:\Java_Devolpment\Projects\ShopSphere\.metadata\.plugins\org.eclipse.swt\EBWebView\Default lastActive=2026-08-23T16:06:02.939Z
2026-08-25 08:21:45.975: [INFO] OnDoneLoading sync enabled: 0
2026-08-25 08:21:45.975: [INFO] BookmarkModelLoaded, ids_reassigned: 0
2026-08-25 08:21:45.975: [INFO] BookmarksLoadDropped droppedNodes=0
2026-08-25 08:21:45.975: [INFO] BookmarksSnapshot Startup total=0 bar=0 other=0 mobile=0 showBar=0 showBarNTP=1
2026-08-25 09:26:50.288: [INFO] BookmarksSnapshot Shutdown total=0 bar=0 other=0 mobile=0 showBar=0 showBarNTP=1
2026-08-25 09:26:50.370: [INFO] CurrentProfilePath: D:\Java_Devolpment\Projects\ShopSphere\.metadata\.plugins\org.eclipse.swt\EBWebView\Default
2026-08-25 09:26:50.370: [INFO] Profiles total count: 1
2026-08-25 09:26:50.370: [INFO] Profile: name=Profile 1 path=D:\Java_Devolpment\Projects\ShopSphere\.metadata\.plugins\org.eclipse.swt\EBWebView\Default lastActive=2026-08-23T16:06:02.939Z
2026-08-25 09:26:50.370: [INFO] LastUsedProfileDir: D:\Java_Devolpment\Projects\ShopSphere\.metadata\.plugins\org.eclipse.swt\EBWebView\Default
2026-08-25 09:26:50.370: [INFO] MostRecentlyActiveProfile: name=Profile 1 path=D:\Java_Devolpment\Projects\ShopSphere\.metadata\.plugins\org.eclipse.swt\EBWebView\Default lastActive=2026-08-23T16:06:02.939Z
2026-08-25 09:26:50.370: [INFO] OnDoneLoading sync enabled: 0
2026-08-25 09:26:50.370: [INFO] BookmarkModelLoaded, ids_reassigned: 0
2026-08-25 09:26:50.370: [INFO] BookmarksLoadDropped droppedNodes=0
2026-08-25 09:26:50.370: [INFO] BookmarksSnapshot Startup total=0 bar=0 other=0 mobile=0 showBar=0 showBarNTP=1
2026-08-25 09:30:33.936: [INFO] BookmarksSnapshot Shutdown total=0 bar=0 other=0 mobile=0 showBar=0 showBarNTP=1
2026-08-25 09:30:47.406: [INFO] CurrentProfilePath: D:\Java_Devolpment\Projects\ShopSphere\.metadata\.plugins\org.eclipse.swt\EBWebView\Default
2026-08-25 09:30:47.406: [INFO] Profiles total count: 1
2026-08-25 09:30:47.407: [INFO] Profile: name=Profile 1 path=D:\Java_Devolpment\Projects\ShopSphere\.metadata\.plugins\org.eclipse.swt\EBWebView\Default lastActive=2026-08-23T16:06:02.939Z
2026-08-25 09:30:47.407: [INFO] LastUsedProfileDir: D:\Java_Devolpment\Projects\ShopSphere\.metadata\.plugins\org.eclipse.swt\EBWebView\Default
2026-08-25 09:30:47.407: [INFO] MostRecentlyActiveProfile: name=Profile 1 path=D:\Java_Devolpment\Projects\ShopSphere\.metadata\.plugins\org.eclipse.swt\EBWebView\Default lastActive=2026-08-23T16:06:02.939Z
2026-08-25 09:30:47.407: [INFO] OnDoneLoading sync enabled: 0
2026-08-25 09:30:47.407: [INFO] BookmarkModelLoaded, ids_reassigned: 0
2026-08-25 09:30:47.407: [INFO] BookmarksLoadDropped droppedNodes=0
2026-08-25 09:30:47.407: [INFO] BookmarksSnapshot Startup total=0 bar=0 other=0 mobile=0 showBar=0 showBarNTP=1
2026-08-25 09:47:14.768: [INFO] BookmarksSnapshot Shutdown total=0 bar=0 other=0 mobile=0 showBar=0 showBarNTP=1
2026-08-25 09:47:42.378: [INFO] CurrentProfilePath: D:\Java_Devolpment\Projects\ShopSphere\.metadata\.plugins\org.eclipse.swt\EBWebView\Default
2026-08-25 09:47:42.378: [INFO] Profiles total count: 1
2026-08-25 09:47:42.379: [INFO] Profile: name=Profile 1 path=D:\Java_Devolpment\Projects\ShopSphere\.metadata\.plugins\org.eclipse.swt\EBWebView\Default lastActive=2026-08-23T16:06:02.939Z
2026-08-25 09:47:42.379: [INFO] LastUsedProfileDir: D:\Java_Devolpment\Projects\ShopSphere\.metadata\.plugins\org.eclipse.swt\EBWebView\Default
2026-08-25 09:47:42.379: [INFO] MostRecentlyActiveProfile: name=Profile 1 path=D:\Java_Devolpment\Projects\ShopSphere\.metadata\.plugins\org.eclipse.swt\EBWebView\Default lastActive=2026-08-23T16:06:02.939Z
2026-08-25 09:47:42.379: [INFO] OnDoneLoading sync enabled: 0
2026-08-25 09:47:42.379: [INFO] BookmarkModelLoaded, ids_reassigned: 0
2026-08-25 09:47:42.379: [INFO] BookmarksLoadDropped droppedNodes=0
2026-08-25 09:47:42.379: [INFO] BookmarksSnapshot Startup total=0 bar=0 other=0 mobile=0 showBar=0 showBarNTP=1
2026-08-25 09:47:42.515: [INFO] BookmarksSnapshot Shutdown total=0 bar=0 other=0 mobile=0 showBar=0 showBarNTP=1
2026-08-25 09:47:49.425: [INFO] CurrentProfilePath: D:\Java_Devolpment\Projects\ShopSphere\.metadata\.plugins\org.eclipse.swt\EBWebView\Default
2026-08-25 09:47:49.425: [INFO] Profiles total count: 1
2026-08-25 09:47:49.426: [INFO] Profile: name=Profile 1 path=D:\Java_Devolpment\Projects\ShopSphere\.metadata\.plugins\org.eclipse.swt\EBWebView\Default lastActive=2026-08-23T16:06:02.939Z
2026-08-25 09:47:49.426: [INFO] LastUsedProfileDir: D:\Java_Devolpment\Projects\ShopSphere\.metadata\.plugins\org.eclipse.swt\EBWebView\Default
2026-08-25 09:47:49.426: [INFO] MostRecentlyActiveProfile: name=Profile 1 path=D:\Java_Devolpment\Projects\ShopSphere\.metadata\.plugins\org.eclipse.swt\EBWebView\Default lastActive=2026-08-23T16:06:02.939Z
2026-08-25 09:47:49.426: [INFO] OnDoneLoading sync enabled: 0
2026-08-25 09:47:49.426: [INFO] BookmarkModelLoaded, ids_reassigned: 0
2026-08-25 09:47:49.426: [INFO] BookmarksLoadDropped droppedNodes=0
2026-08-25 09:47:49.426: [INFO] BookmarksSnapshot Startup total=0 bar=0 other=0 mobile=0 showBar=0 showBarNTP=1
2026-08-25 09:48:29.928: [INFO] BookmarksSnapshot Shutdown total=0 bar=0 other=0 mobile=0 showBar=0 showBarNTP=1
2026-08-25 09:50:29.637: [INFO] CurrentProfilePath: D:\Java_Devolpment\Projects\ShopSphere\.metadata\.plugins\org.eclipse.swt\EBWebView\Default
2026-08-25 09:50:29.637: [INFO] Profiles total count: 1
2026-08-25 09:50:29.637: [INFO] Profile: name=Profile 1 path=D:\Java_Devolpment\Projects\ShopSphere\.metadata\.plugins\org.eclipse.swt\EBWebView\Default lastActive=2026-08-23T16:06:02.939Z
2026-08-25 09:50:29.637: [INFO] LastUsedProfileDir: D:\Java_Devolpment\Projects\ShopSphere\.metadata\.plugins\org.eclipse.swt\EBWebView\Default
2026-08-25 09:50:29.637: [INFO] MostRecentlyActiveProfile: name=Profile 1 path=D:\Java_Devolpment\Projects\ShopSphere\.metadata\.plugins\org.eclipse.swt\EBWebView\Default lastActive=2026-08-23T16:06:02.939Z
2026-08-25 09:50:29.637: [INFO] OnDoneLoading sync enabled: 0
2026-08-25 09:50:29.637: [INFO] BookmarkModelLoaded, ids_reassigned: 0
2026-08-25 09:50:29.637: [INFO] BookmarksLoadDropped droppedNodes=0
2026-08-25 09:50:29.637: [INFO] BookmarksSnapshot Startup total=0 bar=0 other=0 mobile=0 showBar=0 showBarNTP=1
2026-08-25 09:58:08.226: [INFO] BookmarksSnapshot Shutdown total=0 bar=0 other=0 mobile=0 showBar=0 showBarNTP=1
2026-08-25 10:00:44.806: [INFO] CurrentProfilePath: D:\Java_Devolpment\Projects\ShopSphere\.metadata\.plugins\org.eclipse.swt\EBWebView\Default
2026-08-25 10:00:44.806: [INFO] Profiles total count: 1
2026-08-25 10:00:44.807: [INFO] Profile: name=Profile 1 path=D:\Java_Devolpment\Projects\ShopSphere\.metadata\.plugins\org.eclipse.swt\EBWebView\Default lastActive=2026-08-23T16:06:02.939Z
2026-08-25 10:00:44.807: [INFO] LastUsedProfileDir: D:\Java_Devolpment\Projects\ShopSphere\.metadata\.plugins\org.eclipse.swt\EBWebView\Default
2026-08-25 10:00:44.807: [INFO] MostRecentlyActiveProfile: name=Profile 1 path=D:\Java_Devolpment\Projects\ShopSphere\.metadata\.plugins\org.eclipse.swt\EBWebView\Default lastActive=2026-08-23T16:06:02.939Z
2026-08-25 10:00:44.807: [INFO] OnDoneLoading sync enabled: 0
2026-08-25 10:00:44.807: [INFO] BookmarkModelLoaded, ids_reassigned: 0
2026-08-25 10:00:44.807: [INFO] BookmarksLoadDropped droppedNodes=0
2026-08-25 10:00:44.807: [INFO] BookmarksSnapshot Startup total=0 bar=0 other=0 mobile=0 showBar=0 showBarNTP=1
2026-08-25 10:06:08.087: [INFO] BookmarksSnapshot Shutdown total=0 bar=0 other=0 mobile=0 showBar=0 showBarNTP=1
2026-08-25 10:06:13.904: [INFO] CurrentProfilePath: D:\Java_Devolpment\Projects\ShopSphere\.metadata\.plugins\org.eclipse.swt\EBWebView\Default
2026-08-25 10:06:13.904: [INFO] Profiles total count: 1
2026-08-25 10:06:13.904: [INFO] Profile: name=Profile 1 path=D:\Java_Devolpment\Projects\ShopSphere\.metadata\.plugins\org.eclipse.swt\EBWebView\Default lastActive=2026-08-23T16:06:02.939Z
2026-08-25 10:06:13.904: [INFO] LastUsedProfileDir: D:\Java_Devolpment\Projects\ShopSphere\.metadata\.plugins\org.eclipse.swt\EBWebView\Default
2026-08-25 10:06:13.904: [INFO] MostRecentlyActiveProfile: name=Profile 1 path=D:\Java_Devolpment\Projects\ShopSphere\.metadata\.plugins\org.eclipse.swt\EBWebView\Default lastActive=2026-08-23T16:06:02.939Z
2026-08-25 10:06:13.904: [INFO] OnDoneLoading sync enabled: 0
2026-08-25 10:06:13.904: [INFO] BookmarkModelLoaded, ids_reassigned: 0
2026-08-25 10:06:13.904: [INFO] BookmarksLoadDropped droppedNodes=0
2026-08-25 10:06:13.904: [INFO] BookmarksSnapshot Startup total=0 bar=0 other=0 mobile=0 showBar=0 showBarNTP=1
2026-08-25 10:12:55.685: [INFO] BookmarksSnapshot Shutdown total=0 bar=0 other=0 mobile=0 showBar=0 showBarNTP=1
2026-08-25 10:13:33.354: [INFO] CurrentProfilePath: D:\Java_Devolpment\Projects\ShopSphere\.metadata\.plugins\org.eclipse.swt\EBWebView\Default
2026-08-25 10:13:33.354: [INFO] Profiles total count: 1
2026-08-25 10:13:33.355: [INFO] Profile: name=Profile 1 path=D:\Java_Devolpment\Projects\ShopSphere\.metadata\.plugins\org.eclipse.swt\EBWebView\Default lastActive=2026-08-23T16:06:02.939Z
2026-08-25 10:13:33.355: [INFO] LastUsedProfileDir: D:\Java_Devolpment\Projects\ShopSphere\.metadata\.plugins\org.eclipse.swt\EBWebView\Default
2026-08-25 10:13:33.355: [INFO] MostRecentlyActiveProfile: name=Profile 1 path=D:\Java_Devolpment\Projects\ShopSphere\.metadata\.plugins\org.eclipse.swt\EBWebView\Default lastActive=2026-08-23T16:06:02.939Z
2026-08-25 10:13:33.355: [INFO] OnDoneLoading sync enabled: 0
2026-08-25 10:13:33.355: [INFO] BookmarkModelLoaded, ids_reassigned: 0
2026-08-25 10:13:33.355: [INFO] BookmarksLoadDropped droppedNodes=0
2026-08-25 10:13:33.355: [INFO] BookmarksSnapshot Startup total=0 bar=0 other=0 mobile=0 showBar=0 showBarNTP=1
2026-08-25 10:14:12.072: [INFO] BookmarksSnapshot Shutdown total=0 bar=0 other=0 mobile=0 showBar=0 showBarNTP=1
2026-08-25 10:15:24.075: [INFO] CurrentProfilePath: D:\Java_Devolpment\Projects\ShopSphere\.metadata\.plugins\org.eclipse.swt\EBWebView\Default
2026-08-25 10:15:24.075: [INFO] Profiles total count: 1
2026-08-25 10:15:24.075: [INFO] Profile: name=Profile 1 path=D:\Java_Devolpment\Projects\ShopSphere\.metadata\.plugins\org.eclipse.swt\EBWebView\Default lastActive=2026-08-23T16:06:02.939Z
2026-08-25 10:15:24.075: [INFO] LastUsedProfileDir: D:\Java_Devolpment\Projects\ShopSphere\.metadata\.plugins\org.eclipse.swt\EBWebView\Default
2026-08-25 10:15:24.075: [INFO] MostRecentlyActiveProfile: name=Profile 1 path=D:\Java_Devolpment\Projects\ShopSphere\.metadata\.plugins\org.eclipse.swt\EBWebView\Default lastActive=2026-08-23T16:06:02.939Z
2026-08-25 10:15:24.075: [INFO] OnDoneLoading sync enabled: 0
2026-08-25 10:15:24.075: [INFO] BookmarkModelLoaded, ids_reassigned: 0
2026-08-25 10:15:24.075: [INFO] BookmarksLoadDropped droppedNodes=0
2026-08-25 10:15:24.075: [INFO] BookmarksSnapshot Startup total=0 bar=0 other=0 mobile=0 showBar=0 showBarNTP=1
2026-08-25 10:15:42.151: [INFO] BookmarksSnapshot Shutdown total=0 bar=0 other=0 mobile=0 showBar=0 showBarNTP=1
2026-08-25 10:16:05.290: [INFO] CurrentProfilePath: D:\Java_Devolpment\Projects\ShopSphere\.metadata\.plugins\org.eclipse.swt\EBWebView\Default
2026-08-25 10:16:05.290: [INFO] Profiles total count: 1
2026-08-25 10:16:05.290: [INFO] Profile: name=Profile 1 path=D:\Java_Devolpment\Projects\ShopSphere\.metadata\.plugins\org.eclipse.swt\EBWebView\Default lastActive=2026-08-23T16:06:02.939Z
2026-08-25 10:16:05.291: [INFO] LastUsedProfileDir: D:\Java_Devolpment\Projects\ShopSphere\.metadata\.plugins\org.eclipse.swt\EBWebView\Default
2026-08-25 10:16:05.291: [INFO] MostRecentlyActiveProfile: name=Profile 1 path=D:\Java_Devolpment\Projects\ShopSphere\.metadata\.plugins\org.eclipse.swt\EBWebView\Default lastActive=2026-08-23T16:06:02.939Z
2026-08-25 10:16:05.291: [INFO] OnDoneLoading sync enabled: 0
2026-08-25 10:16:05.291: [INFO] BookmarkModelLoaded, ids_reassigned: 0
2026-08-25 10:16:05.291: [INFO] BookmarksLoadDropped droppedNodes=0
2026-08-25 10:16:05.291: [INFO] BookmarksSnapshot Startup total=0 bar=0 other=0 mobile=0 showBar=0 showBarNTP=1
2026-08-25 10:33:48.826: [INFO] BookmarksSnapshot Shutdown total=0 bar=0 other=0 mobile=0 showBar=0 showBarNTP=1
2026-08-25 10:35:16.548: [INFO] CurrentProfilePath: D:\Java_Devolpment\Projects\ShopSphere\.metadata\.plugins\org.eclipse.swt\EBWebView\Default
2026-08-25 10:35:16.548: [INFO] Profiles total count: 1
2026-08-25 10:35:16.549: [INFO] Profile: name=Profile 1 path=D:\Java_Devolpment\Projects\ShopSphere\.metadata\.plugins\org.eclipse.swt\EBWebView\Default lastActive=2026-08-23T16:06:02.939Z
2026-08-25 10:35:16.549: [INFO] LastUsedProfileDir: D:\Java_Devolpment\Projects\ShopSphere\.metadata\.plugins\org.eclipse.swt\EBWebView\Default
2026-08-25 10:35:16.549: [INFO] MostRecentlyActiveProfile: name=Profile 1 path=D:\Java_Devolpment\Projects\ShopSphere\.metadata\.plugins\org.eclipse.swt\EBWebView\Default lastActive=2026-08-23T16:06:02.939Z
2026-08-25 10:35:16.549: [INFO] OnDoneLoading sync enabled: 0
2026-08-25 10:35:16.549: [INFO] BookmarkModelLoaded, ids_reassigned: 0
2026-08-25 10:35:16.549: [INFO] BookmarksLoadDropped droppedNodes=0
2026-08-25 10:35:16.549: [INFO] BookmarksSnapshot Startup total=0 bar=0 other=0 mobile=0 showBar=0 showBarNTP=1
2026-08-25 10:38:05.052: [INFO] BookmarksSnapshot Shutdown total=0 bar=0 other=0 mobile=0 showBar=0 showBarNTP=1
2026-08-25 10:38:51.220: [INFO] CurrentProfilePath: D:\Java_Devolpment\Projects\ShopSphere\.metadata\.plugins\org.eclipse.swt\EBWebView\Default
2026-08-25 10:38:51.220: [INFO] Profiles total count: 1
2026-08-25 10:38:51.221: [INFO] Profile: name=Profile 1 path=D:\Java_Devolpment\Projects\ShopSphere\.metadata\.plugins\org.eclipse.swt\EBWebView\Default lastActive=2026-08-23T16:06:02.939Z
2026-08-25 10:38:51.221: [INFO] LastUsedProfileDir: D:\Java_Devolpment\Projects\ShopSphere\.metadata\.plugins\org.eclipse.swt\EBWebView\Default
2026-08-25 10:38:51.221: [INFO] MostRecentlyActiveProfile: name=Profile 1 path=D:\Java_Devolpment\Projects\ShopSphere\.metadata\.plugins\org.eclipse.swt\EBWebView\Default lastActive=2026-08-23T16:06:02.939Z
2026-08-25 10:38:51.221: [INFO] OnDoneLoading sync enabled: 0
2026-08-25 10:38:51.221: [INFO] BookmarkModelLoaded, ids_reassigned: 0
2026-08-25 10:38:51.221: [INFO] BookmarksLoadDropped droppedNodes=0
2026-08-25 10:38:51.221: [INFO] BookmarksSnapshot Startup total=0 bar=0 other=0 mobile=0 showBar=0 showBarNTP=1
2026-08-25 10:39:06.559: [INFO] BookmarksSnapshot Shutdown total=0 bar=0 other=0 mobile=0 showBar=0 showBarNTP=1
2026-08-25 10:39:17.906: [INFO] CurrentProfilePath: D:\Java_Devolpment\Projects\ShopSphere\.metadata\.plugins\org.eclipse.swt\EBWebView\Default
2026-08-25 10:39:17.906: [INFO] Profiles total count: 1
2026-08-25 10:39:17.906: [INFO] Profile: name=Profile 1 path=D:\Java_Devolpment\Projects\ShopSphere\.metadata\.plugins\org.eclipse.swt\EBWebView\Default lastActive=2026-08-23T16:06:02.939Z
2026-08-25 10:39:17.906: [INFO] LastUsedProfileDir: D:\Java_Devolpment\Projects\ShopSphere\.metadata\.plugins\org.eclipse.swt\EBWebView\Default
2026-08-25 10:39:17.907: [INFO] MostRecentlyActiveProfile: name=Profile 1 path=D:\Java_Devolpment\Projects\ShopSphere\.metadata\.plugins\org.eclipse.swt\EBWebView\Default lastActive=2026-08-23T16:06:02.939Z
2026-08-25 10:39:17.907: [INFO] OnDoneLoading sync enabled: 0
2026-08-25 10:39:17.907: [INFO] BookmarkModelLoaded, ids_reassigned: 0
2026-08-25 10:39:17.907: [INFO] BookmarksLoadDropped droppedNodes=0
2026-08-25 10:39:17.907: [INFO] BookmarksSnapshot Startup total=0 bar=0 other=0 mobile=0 showBar=0 showBarNTP=1
2026-08-25 10:40:09.853: [INFO] BookmarksSnapshot Shutdown total=0 bar=0 other=0 mobile=0 showBar=0 showBarNTP=1
2026-08-25 10:40:39.646: [INFO] CurrentProfilePath: D:\Java_Devolpment\Projects\ShopSphere\.metadata\.plugins\org.eclipse.swt\EBWebView\Default
2026-08-25 10:40:39.646: [INFO] Profiles total count: 1
2026-08-25 10:40:39.647: [INFO] Profile: name=Profile 1 path=D:\Java_Devolpment\Projects\ShopSphere\.metadata\.plugins\org.eclipse.swt\EBWebView\Default lastActive=2026-08-23T16:06:02.939Z
2026-08-25 10:40:39.647: [INFO] LastUsedProfileDir: D:\Java_Devolpment\Projects\ShopSphere\.metadata\.plugins\org.eclipse.swt\EBWebView\Default
2026-08-25 10:40:39.647: [INFO] MostRecentlyActiveProfile: name=Profile 1 path=D:\Java_Devolpment\Projects\ShopSphere\.metadata\.plugins\org.eclipse.swt\EBWebView\Default lastActive=2026-08-23T16:06:02.939Z
2026-08-25 10:40:39.647: [INFO] OnDoneLoading sync enabled: 0
2026-08-25 10:40:39.647: [INFO] BookmarkModelLoaded, ids_reassigned: 0
2026-08-25 10:40:39.647: [INFO] BookmarksLoadDropped droppedNodes=0
2026-08-25 10:40:39.647: [INFO] BookmarksSnapshot Startup total=0 bar=0 other=0 mobile=0 showBar=0 showBarNTP=1
2026-08-25 10:40:46.883: [INFO] BookmarksSnapshot Shutdown total=0 bar=0 other=0 mobile=0 showBar=0 showBarNTP=1
2026-08-25 10:40:57.787: [INFO] CurrentProfilePath: D:\Java_Devolpment\Projects\ShopSphere\.metadata\.plugins\org.eclipse.swt\EBWebView\Default
2026-08-25 10:40:57.787: [INFO] Profiles total count: 1
2026-08-25 10:40:57.787: [INFO] Profile: name=Profile 1 path=D:\Java_Devolpment\Projects\ShopSphere\.metadata\.plugins\org.eclipse.swt\EBWebView\Default lastActive=2026-08-23T16:06:02.939Z
2026-08-25 10:40:57.787: [INFO] LastUsedProfileDir: D:\Java_Devolpment\Projects\ShopSphere\.metadata\.plugins\org.eclipse.swt\EBWebView\Default
2026-08-25 10:40:57.787: [INFO] MostRecentlyActiveProfile: name=Profile 1 path=D:\Java_Devolpment\Projects\ShopSphere\.metadata\.plugins\org.eclipse.swt\EBWebView\Default lastActive=2026-08-23T16:06:02.939Z
2026-08-25 10:40:57.787: [INFO] OnDoneLoading sync enabled: 0
2026-08-25 10:40:57.787: [INFO] BookmarkModelLoaded, ids_reassigned: 0
2026-08-25 10:40:57.787: [INFO] BookmarksLoadDropped droppedNodes=0
2026-08-25 10:40:57.787: [INFO] BookmarksSnapshot Startup total=0 bar=0 other=0 mobile=0 showBar=0 showBarNTP=1
2026-08-25 10:41:07.926: [INFO] BookmarksSnapshot Shutdown total=0 bar=0 other=0 mobile=0 showBar=0 showBarNTP=1
2026-08-25 10:41:22.689: [INFO] CurrentProfilePath: D:\Java_Devolpment\Projects\ShopSphere\.metadata\.plugins\org.eclipse.swt\EBWebView\Default
2026-08-25 10:41:22.689: [INFO] Profiles total count: 1
2026-08-25 10:41:22.689: [INFO] Profile: name=Profile 1 path=D:\Java_Devolpment\Projects\ShopSphere\.metadata\.plugins\org.eclipse.swt\EBWebView\Default lastActive=2026-08-23T16:06:02.939Z
2026-08-25 10:41:22.689: [INFO] LastUsedProfileDir: D:\Java_Devolpment\Projects\ShopSphere\.metadata\.plugins\org.eclipse.swt\EBWebView\Default
2026-08-25 10:41:22.689: [INFO] MostRecentlyActiveProfile: name=Profile 1 path=D:\Java_Devolpment\Projects\ShopSphere\.metadata\.plugins\org.eclipse.swt\EBWebView\Default lastActive=2026-08-23T16:06:02.939Z
2026-08-25 10:41:22.689: [INFO] OnDoneLoading sync enabled: 0
2026-08-25 10:41:22.689: [INFO] BookmarkModelLoaded, ids_reassigned: 0
2026-08-25 10:41:22.689: [INFO] BookmarksLoadDropped droppedNodes=0
2026-08-25 10:41:22.689: [INFO] BookmarksSnapshot Startup total=0 bar=0 other=0 mobile=0 showBar=0 showBarNTP=1
2026-08-25 10:48:44.232: [INFO] BookmarksSnapshot Shutdown total=0 bar=0 other=0 mobile=0 showBar=0 showBarNTP=1
2026-08-25 11:13:02.577: [INFO] CurrentProfilePath: D:\Java_Devolpment\Projects\ShopSphere\.metadata\.plugins\org.eclipse.swt\EBWebView\Default
2026-08-25 11:13:02.577: [INFO] Profiles total count: 1
2026-08-25 11:13:02.578: [INFO] Profile: name=Profile 1 path=D:\Java_Devolpment\Projects\ShopSphere\.metadata\.plugins\org.eclipse.swt\EBWebView\Default lastActive=2026-08-23T16:06:02.939Z
2026-08-25 11:13:02.578: [INFO] LastUsedProfileDir: D:\Java_Devolpment\Projects\ShopSphere\.metadata\.plugins\org.eclipse.swt\EBWebView\Default
2026-08-25 11:13:02.578: [INFO] MostRecentlyActiveProfile: name=Profile 1 path=D:\Java_Devolpment\Projects\ShopSphere\.metadata\.plugins\org.eclipse.swt\EBWebView\Default lastActive=2026-08-23T16:06:02.939Z
2026-08-25 11:13:02.578: [INFO] OnDoneLoading sync enabled: 0
2026-08-25 11:13:02.578: [INFO] BookmarkModelLoaded, ids_reassigned: 0
2026-08-25 11:13:02.578: [INFO] BookmarksLoadDropped droppedNodes=0
2026-08-25 11:13:02.578: [INFO] BookmarksSnapshot Startup total=0 bar=0 other=0 mobile=0 showBar=0 showBarNTP=1
2026-08-25 11:18:30.769: [INFO] BookmarksSnapshot Shutdown total=0 bar=0 other=0 mobile=0 showBar=0 showBarNTP=1
2026-08-25 11:20:46.726: [INFO] CurrentProfilePath: D:\Java_Devolpment\Projects\ShopSphere\.metadata\.plugins\org.eclipse.swt\EBWebView\Default
2026-08-25 11:20:46.726: [INFO] Profiles total count: 1
2026-08-25 11:20:46.727: [INFO] Profile: name=Profile 1 path=D:\Java_Devolpment\Projects\ShopSphere\.metadata\.plugins\org.eclipse.swt\EBWebView\Default lastActive=2026-08-23T16:06:02.939Z
2026-08-25 11:20:46.727: [INFO] LastUsedProfileDir: D:\Java_Devolpment\Projects\ShopSphere\.metadata\.plugins\org.eclipse.swt\EBWebView\Default
2026-08-25 11:20:46.727: [INFO] MostRecentlyActiveProfile: name=Profile 1 path=D:\Java_Devolpment\Projects\ShopSphere\.metadata\.plugins\org.eclipse.swt\EBWebView\Default lastActive=2026-08-23T16:06:02.939Z
2026-08-25 11:20:46.727: [INFO] OnDoneLoading sync enabled: 0
2026-08-25 11:20:46.727: [INFO] BookmarkModelLoaded, ids_reassigned: 0
2026-08-25 11:20:46.727: [INFO] BookmarksLoadDropped droppedNodes=0
2026-08-25 11:20:46.727: [INFO] BookmarksSnapshot Startup total=0 bar=0 other=0 mobile=0 showBar=0 showBarNTP=1
2026-08-25 11:35:15.072: [INFO] BookmarksSnapshot Shutdown total=0 bar=0 other=0 mobile=0 showBar=0 showBarNTP=1
2026-08-25 11:35:57.121: [INFO] CurrentProfilePath: D:\Java_Devolpment\Projects\ShopSphere\.metadata\.plugins\org.eclipse.swt\EBWebView\Default
2026-08-25 11:35:57.121: [INFO] Profiles total count: 1
2026-08-25 11:35:57.121: [INFO] Profile: name=Profile 1 path=D:\Java_Devolpment\Projects\ShopSphere\.metadata\.plugins\org.eclipse.swt\EBWebView\Default lastActive=2026-08-23T16:06:02.939Z
2026-08-25 11:35:57.121: [INFO] LastUsedProfileDir: D:\Java_Devolpment\Projects\ShopSphere\.metadata\.plugins\org.eclipse.swt\EBWebView\Default
2026-08-25 11:35:57.122: [INFO] MostRecentlyActiveProfile: name=Profile 1 path=D:\Java_Devolpment\Projects\ShopSphere\.metadata\.plugins\org.eclipse.swt\EBWebView\Default lastActive=2026-08-23T16:06:02.939Z
2026-08-25 11:35:57.122: [INFO] OnDoneLoading sync enabled: 0
2026-08-25 11:35:57.122: [INFO] BookmarkModelLoaded, ids_reassigned: 0
2026-08-25 11:35:57.122: [INFO] BookmarksLoadDropped droppedNodes=0
2026-08-25 11:35:57.122: [INFO] BookmarksSnapshot Startup total=0 bar=0 other=0 mobile=0 showBar=0 showBarNTP=1
2026-08-25 11:43:56.728: [INFO] BookmarksSnapshot Shutdown total=0 bar=0 other=0 mobile=0 showBar=0 showBarNTP=1
2026-08-25 11:47:12.461: [INFO] CurrentProfilePath: D:\Java_Devolpment\Projects\ShopSphere\.metadata\.plugins\org.eclipse.swt\EBWebView\Default
2026-08-25 11:47:12.461: [INFO] Profiles total count: 1
2026-08-25 11:47:12.461: [INFO] Profile: name=Profile 1 path=D:\Java_Devolpment\Projects\ShopSphere\.metadata\.plugins\org.eclipse.swt\EBWebView\Default lastActive=2026-08-23T16:06:02.939Z
2026-08-25 11:47:12.461: [INFO] LastUsedProfileDir: D:\Java_Devolpment\Projects\ShopSphere\.metadata\.plugins\org.eclipse.swt\EBWebView\Default
2026-08-25 11:47:12.461: [INFO] MostRecentlyActiveProfile: name=Profile 1 path=D:\Java_Devolpment\Projects\ShopSphere\.metadata\.plugins\org.eclipse.swt\EBWebView\Default lastActive=2026-08-23T16:06:02.939Z
2026-08-25 11:47:12.461: [INFO] OnDoneLoading sync enabled: 0
2026-08-25 11:47:12.461: [INFO] BookmarkModelLoaded, ids_reassigned: 0
2026-08-25 11:47:12.461: [INFO] BookmarksLoadDropped droppedNodes=0
2026-08-25 11:47:12.461: [INFO] BookmarksSnapshot Startup total=0 bar=0 other=0 mobile=0 showBar=0 showBarNTP=1
2026-08-25 13:05:03.707: [INFO] BookmarksSnapshot Shutdown total=0 bar=0 other=0 mobile=0 showBar=0 showBarNTP=1
2026-08-25 15:23:33.912: [INFO] CurrentProfilePath: D:\Java_Devolpment\Projects\ShopSphere\.metadata\.plugins\org.eclipse.swt\EBWebView\Default
2026-08-25 15:23:33.912: [INFO] Profiles total count: 1
2026-08-25 15:23:33.912: [INFO] Profile: name=Profile 1 path=D:\Java_Devolpment\Projects\ShopSphere\.metadata\.plugins\org.eclipse.swt\EBWebView\Default lastActive=2026-08-23T16:06:02.939Z
2026-08-25 15:23:33.912: [INFO] LastUsedProfileDir: D:\Java_Devolpment\Projects\ShopSphere\.metadata\.plugins\org.eclipse.swt\EBWebView\Default
2026-08-25 15:23:33.912: [INFO] MostRecentlyActiveProfile: name=Profile 1 path=D:\Java_Devolpment\Projects\ShopSphere\.metadata\.plugins\org.eclipse.swt\EBWebView\Default lastActive=2026-08-23T16:06:02.939Z
2026-08-25 15:23:33.912: [INFO] OnDoneLoading sync enabled: 0
2026-08-25 15:23:33.912: [INFO] BookmarkModelLoaded, ids_reassigned: 0
2026-08-25 15:23:33.912: [INFO] BookmarksLoadDropped droppedNodes=0
2026-08-25 15:23:33.912: [INFO] BookmarksSnapshot Startup total=0 bar=0 other=0 mobile=0 showBar=0 showBarNTP=1
2026-08-25 15:23:43.596: [INFO] BookmarksSnapshot Shutdown total=0 bar=0 other=0 mobile=0 showBar=0 showBarNTP=1
2026-08-25 15:23:49.671: [INFO] CurrentProfilePath: D:\Java_Devolpment\Projects\ShopSphere\.metadata\.plugins\org.eclipse.swt\EBWebView\Default
2026-08-25 15:23:49.671: [INFO] Profiles total count: 1
2026-08-25 15:23:49.671: [INFO] Profile: name=Profile 1 path=D:\Java_Devolpment\Projects\ShopSphere\.metadata\.plugins\org.eclipse.swt\EBWebView\Default lastActive=2026-08-23T16:06:02.939Z
2026-08-25 15:23:49.671: [INFO] LastUsedProfileDir: D:\Java_Devolpment\Projects\ShopSphere\.metadata\.plugins\org.eclipse.swt\EBWebView\Default
2026-08-25 15:23:49.671: [INFO] MostRecentlyActiveProfile: name=Profile 1 path=D:\Java_Devolpment\Projects\ShopSphere\.metadata\.plugins\org.eclipse.swt\EBWebView\Default lastActive=2026-08-23T16:06:02.939Z
2026-08-25 15:23:49.671: [INFO] OnDoneLoading sync enabled: 0
2026-08-25 15:23:49.671: [INFO] BookmarkModelLoaded, ids_reassigned: 0
2026-08-25 15:23:49.671: [INFO] BookmarksLoadDropped droppedNodes=0
2026-08-25 15:23:49.671: [INFO] BookmarksSnapshot Startup total=0 bar=0 other=0 mobile=0 showBar=0 showBarNTP=1
2026-08-25 15:23:52.035: [INFO] BookmarksSnapshot Shutdown total=0 bar=0 other=0 mobile=0 showBar=0 showBarNTP=1
2026-08-25 15:25:24.235: [INFO] CurrentProfilePath: D:\Java_Devolpment\Projects\ShopSphere\.metadata\.plugins\org.eclipse.swt\EBWebView\Default
2026-08-25 15:25:24.235: [INFO] Profiles total count: 1
2026-08-25 15:25:24.236: [INFO] Profile: name=Profile 1 path=D:\Java_Devolpment\Projects\ShopSphere\.metadata\.plugins\org.eclipse.swt\EBWebView\Default lastActive=2026-08-23T16:06:02.939Z
2026-08-25 15:25:24.236: [INFO] LastUsedProfileDir: D:\Java_Devolpment\Projects\ShopSphere\.metadata\.plugins\org.eclipse.swt\EBWebView\Default
2026-08-25 15:25:24.236: [INFO] MostRecentlyActiveProfile: name=Profile 1 path=D:\Java_Devolpment\Projects\ShopSphere\.metadata\.plugins\org.eclipse.swt\EBWebView\Default lastActive=2026-08-23T16:06:02.939Z
2026-08-25 15:25:24.236: [INFO] OnDoneLoading sync enabled: 0
2026-08-25 15:25:24.236: [INFO] BookmarkModelLoaded, ids_reassigned: 0
2026-08-25 15:25:24.236: [INFO] BookmarksLoadDropped droppedNodes=0
2026-08-25 15:25:24.236: [INFO] BookmarksSnapshot Startup total=0 bar=0 other=0 mobile=0 showBar=0 showBarNTP=1
2026-08-25 17:12:55.030: [INFO] BookmarksSnapshot Shutdown total=0 bar=0 other=0 mobile=0 showBar=0 showBarNTP=1
2026-08-25 17:13:04.965: [INFO] CurrentProfilePath: D:\Java_Devolpment\Projects\ShopSphere\.metadata\.plugins\org.eclipse.swt\EBWebView\Default
2026-08-25 17:13:04.965: [INFO] Profiles total count: 1
2026-08-25 17:13:04.965: [INFO] Profile: name=Profile 1 path=D:\Java_Devolpment\Projects\ShopSphere\.metadata\.plugins\org.eclipse.swt\EBWebView\Default lastActive=2026-08-23T16:06:02.939Z
2026-08-25 17:13:04.965: [INFO] LastUsedProfileDir: D:\Java_Devolpment\Projects\ShopSphere\.metadata\.plugins\org.eclipse.swt\EBWebView\Default
2026-08-25 17:13:04.965: [INFO] MostRecentlyActiveProfile: name=Profile 1 path=D:\Java_Devolpment\Projects\ShopSphere\.metadata\.plugins\org.eclipse.swt\EBWebView\Default lastActive=2026-08-23T16:06:02.939Z
2026-08-25 17:13:04.965: [INFO] OnDoneLoading sync enabled: 0
2026-08-25 17:13:04.965: [INFO] BookmarkModelLoaded, ids_reassigned: 0
2026-08-25 17:13:04.965: [INFO] BookmarksLoadDropped droppedNodes=0
2026-08-25 17:13:04.966: [INFO] BookmarksSnapshot Startup total=0 bar=0 other=0 mobile=0 showBar=0 showBarNTP=1
2026-08-25 17:16:10.951: [INFO] BookmarksSnapshot Shutdown total=0 bar=0 other=0 mobile=0 showBar=0 showBarNTP=1
2026-08-25 17:16:11.027: [INFO] CurrentProfilePath: D:\Java_Devolpment\Projects\ShopSphere\.metadata\.plugins\org.eclipse.swt\EBWebView\Default
2026-08-25 17:16:11.027: [INFO] Profiles total count: 1
2026-08-25 17:16:11.027: [INFO] Profile: name=Profile 1 path=D:\Java_Devolpment\Projects\ShopSphere\.metadata\.plugins\org.eclipse.swt\EBWebView\Default lastActive=2026-08-23T16:06:02.939Z
2026-08-25 17:16:11.027: [INFO] LastUsedProfileDir: D:\Java_Devolpment\Projects\ShopSphere\.metadata\.plugins\org.eclipse.swt\EBWebView\Default
2026-08-25 17:16:11.027: [INFO] MostRecentlyActiveProfile: name=Profile 1 path=D:\Java_Devolpment\Projects\ShopSphere\.metadata\.plugins\org.eclipse.swt\EBWebView\Default lastActive=2026-08-23T16:06:02.939Z
2026-08-25 17:16:11.027: [INFO] OnDoneLoading sync enabled: 0
2026-08-25 17:16:11.027: [INFO] BookmarkModelLoaded, ids_reassigned: 0
2026-08-25 17:16:11.027: [INFO] BookmarksLoadDropped droppedNodes=0
2026-08-25 17:16:11.027: [INFO] BookmarksSnapshot Startup total=0 bar=0 other=0 mobile=0 showBar=0 showBarNTP=1
2026-08-25 17:16:40.466: [INFO] BookmarksSnapshot Shutdown total=0 bar=0 other=0 mobile=0 showBar=0 showBarNTP=1
2026-08-26 04:26:01.230: [INFO] CurrentProfilePath: D:\Java_Devolpment\Projects\ShopSphere\.metadata\.plugins\org.eclipse.swt\EBWebView\Default
2026-08-26 04:26:01.230: [INFO] Profiles total count: 1
2026-08-26 04:26:01.230: [INFO] Profile: name=Profile 1 path=D:\Java_Devolpment\Projects\ShopSphere\.metadata\.plugins\org.eclipse.swt\EBWebView\Default lastActive=2026-08-23T16:06:02.939Z
2026-08-26 04:26:01.230: [INFO] LastUsedProfileDir: D:\Java_Devolpment\Projects\ShopSphere\.metadata\.plugins\org.eclipse.swt\EBWebView\Default
2026-08-26 04:26:01.230: [INFO] MostRecentlyActiveProfile: name=Profile 1 path=D:\Java_Devolpment\Projects\ShopSphere\.metadata\.plugins\org.eclipse.swt\EBWebView\Default lastActive=2026-08-23T16:06:02.939Z
2026-08-26 04:26:01.230: [INFO] OnDoneLoading sync enabled: 0
2026-08-26 04:26:01.230: [INFO] BookmarkModelLoaded, ids_reassigned: 0
2026-08-26 04:26:01.230: [INFO] BookmarksLoadDropped droppedNodes=0
2026-08-26 04:26:01.230: [INFO] BookmarksSnapshot Startup total=0 bar=0 other=0 mobile=0 showBar=0 showBarNTP=1
2026-08-26 04:26:15.538: [INFO] BookmarksSnapshot Shutdown total=0 bar=0 other=0 mobile=0 showBar=0 showBarNTP=1
2026-08-26 04:26:15.634: [INFO] CurrentProfilePath: D:\Java_Devolpment\Projects\ShopSphere\.metadata\.plugins\org.eclipse.swt\EBWebView\Default
2026-08-26 04:26:15.634: [INFO] Profiles total count: 1
2026-08-26 04:26:15.635: [INFO] Profile: name=Profile 1 path=D:\Java_Devolpment\Projects\ShopSphere\.metadata\.plugins\org.eclipse.swt\EBWebView\Default lastActive=2026-08-23T16:06:02.939Z
2026-08-26 04:26:15.635: [INFO] LastUsedProfileDir: D:\Java_Devolpment\Projects\ShopSphere\.metadata\.plugins\org.eclipse.swt\EBWebView\Default
2026-08-26 04:26:15.635: [INFO] MostRecentlyActiveProfile: name=Profile 1 path=D:\Java_Devolpment\Projects\ShopSphere\.metadata\.plugins\org.eclipse.swt\EBWebView\Default lastActive=2026-08-23T16:06:02.939Z
2026-08-26 04:26:15.635: [INFO] OnDoneLoading sync enabled: 0
2026-08-26 04:26:15.635: [INFO] BookmarkModelLoaded, ids_reassigned: 0
2026-08-26 04:26:15.635: [INFO] BookmarksLoadDropped droppedNodes=0
2026-08-26 04:26:15.635: [INFO] BookmarksSnapshot Startup total=0 bar=0 other=0 mobile=0 showBar=0 showBarNTP=1
2026-08-26 04:26:20.613: [INFO] BookmarksSnapshot Shutdown total=0 bar=0 other=0 mobile=0 showBar=0 showBarNTP=1
2026-08-26 04:26:20.689: [INFO] CurrentProfilePath: D:\Java_Devolpment\Projects\ShopSphere\.metadata\.plugins\org.eclipse.swt\EBWebView\Default
2026-08-26 04:26:20.689: [INFO] Profiles total count: 1
2026-08-26 04:26:20.689: [INFO] Profile: name=Profile 1 path=D:\Java_Devolpment\Projects\ShopSphere\.metadata\.plugins\org.eclipse.swt\EBWebView\Default lastActive=2026-08-23T16:06:02.939Z
2026-08-26 04:26:20.689: [INFO] LastUsedProfileDir: D:\Java_Devolpment\Projects\ShopSphere\.metadata\.plugins\org.eclipse.swt\EBWebView\Default
2026-08-26 04:26:20.689: [INFO] MostRecentlyActiveProfile: name=Profile 1 path=D:\Java_Devolpment\Projects\ShopSphere\.metadata\.plugins\org.eclipse.swt\EBWebView\Default lastActive=2026-08-23T16:06:02.939Z
2026-08-26 04:26:20.689: [INFO] OnDoneLoading sync enabled: 0
2026-08-26 04:26:20.689: [INFO] BookmarkModelLoaded, ids_reassigned: 0
2026-08-26 04:26:20.689: [INFO] BookmarksLoadDropped droppedNodes=0
2026-08-26 04:26:20.689: [INFO] BookmarksSnapshot Startup total=0 bar=0 other=0 mobile=0 showBar=0 showBarNTP=1
2026-08-26 04:26:21.517: [INFO] BookmarksSnapshot Shutdown total=0 bar=0 other=0 mobile=0 showBar=0 showBarNTP=1
2026-08-26 04:26:21.617: [INFO] CurrentProfilePath: D:\Java_Devolpment\Projects\ShopSphere\.metadata\.plugins\org.eclipse.swt\EBWebView\Default
2026-08-26 04:26:21.617: [INFO] Profiles total count: 1
2026-08-26 04:26:21.617: [INFO] Profile: name=Profile 1 path=D:\Java_Devolpment\Projects\ShopSphere\.metadata\.plugins\org.eclipse.swt\EBWebView\Default lastActive=2026-08-23T16:06:02.939Z
2026-08-26 04:26:21.617: [INFO] LastUsedProfileDir: D:\Java_Devolpment\Projects\ShopSphere\.metadata\.plugins\org.eclipse.swt\EBWebView\Default
2026-08-26 04:26:21.617: [INFO] MostRecentlyActiveProfile: name=Profile 1 path=D:\Java_Devolpment\Projects\ShopSphere\.metadata\.plugins\org.eclipse.swt\EBWebView\Default lastActive=2026-08-23T16:06:02.939Z
2026-08-26 04:26:21.617: [INFO] OnDoneLoading sync enabled: 0
2026-08-26 04:26:21.617: [INFO] BookmarkModelLoaded, ids_reassigned: 0
2026-08-26 04:26:21.617: [INFO] BookmarksLoadDropped droppedNodes=0
2026-08-26 04:26:21.617: [INFO] BookmarksSnapshot Startup total=0 bar=0 other=0 mobile=0 showBar=0 showBarNTP=1
2026-08-26 04:26:25.985: [INFO] BookmarksSnapshot Shutdown total=0 bar=0 other=0 mobile=0 showBar=0 showBarNTP=1
2026-08-26 04:26:26.105: [INFO] CurrentProfilePath: D:\Java_Devolpment\Projects\ShopSphere\.metadata\.plugins\org.eclipse.swt\EBWebView\Default
2026-08-26 04:26:26.105: [INFO] Profiles total count: 1
2026-08-26 04:26:26.106: [INFO] Profile: name=Profile 1 path=D:\Java_Devolpment\Projects\ShopSphere\.metadata\.plugins\org.eclipse.swt\EBWebView\Default lastActive=2026-08-23T16:06:02.939Z
2026-08-26 04:26:26.106: [INFO] LastUsedProfileDir: D:\Java_Devolpment\Projects\ShopSphere\.metadata\.plugins\org.eclipse.swt\EBWebView\Default
2026-08-26 04:26:26.106: [INFO] MostRecentlyActiveProfile: name=Profile 1 path=D:\Java_Devolpment\Projects\ShopSphere\.metadata\.plugins\org.eclipse.swt\EBWebView\Default lastActive=2026-08-23T16:06:02.939Z
2026-08-26 04:26:26.106: [INFO] OnDoneLoading sync enabled: 0
2026-08-26 04:26:26.106: [INFO] BookmarkModelLoaded, ids_reassigned: 0
2026-08-26 04:26:26.106: [INFO] BookmarksLoadDropped droppedNodes=0
2026-08-26 04:26:26.106: [INFO] BookmarksSnapshot Startup total=0 bar=0 other=0 mobile=0 showBar=0 showBarNTP=1
2026-08-26 04:26:59.125: [INFO] BookmarksSnapshot Shutdown total=0 bar=0 other=0 mobile=0 showBar=0 showBarNTP=1
2026-08-26 04:26:59.223: [INFO] CurrentProfilePath: D:\Java_Devolpment\Projects\ShopSphere\.metadata\.plugins\org.eclipse.swt\EBWebView\Default
2026-08-26 04:26:59.223: [INFO] Profiles total count: 1
2026-08-26 04:26:59.223: [INFO] Profile: name=Profile 1 path=D:\Java_Devolpment\Projects\ShopSphere\.metadata\.plugins\org.eclipse.swt\EBWebView\Default lastActive=2026-08-23T16:06:02.939Z
2026-08-26 04:26:59.223: [INFO] LastUsedProfileDir: D:\Java_Devolpment\Projects\ShopSphere\.metadata\.plugins\org.eclipse.swt\EBWebView\Default
2026-08-26 04:26:59.223: [INFO] MostRecentlyActiveProfile: name=Profile 1 path=D:\Java_Devolpment\Projects\ShopSphere\.metadata\.plugins\org.eclipse.swt\EBWebView\Default lastActive=2026-08-23T16:06:02.939Z
2026-08-26 04:26:59.223: [INFO] OnDoneLoading sync enabled: 0
2026-08-26 04:26:59.223: [INFO] BookmarkModelLoaded, ids_reassigned: 0
2026-08-26 04:26:59.223: [INFO] BookmarksLoadDropped droppedNodes=0
2026-08-26 04:26:59.223: [INFO] BookmarksSnapshot Startup total=0 bar=0 other=0 mobile=0 showBar=0 showBarNTP=1
2026-08-26 04:30:04.372: [INFO] BookmarksSnapshot Shutdown total=0 bar=0 other=0 mobile=0 showBar=0 showBarNTP=1
2026-08-26 04:32:55.808: [INFO] CurrentProfilePath: D:\Java_Devolpment\Projects\ShopSphere\.metadata\.plugins\org.eclipse.swt\EBWebView\Default
2026-08-26 04:32:55.808: [INFO] Profiles total count: 1
2026-08-26 04:32:55.808: [INFO] Profile: name=Profile 1 path=D:\Java_Devolpment\Projects\ShopSphere\.metadata\.plugins\org.eclipse.swt\EBWebView\Default lastActive=2026-08-26T04:28:06.310Z
2026-08-26 04:32:55.808: [INFO] LastUsedProfileDir: D:\Java_Devolpment\Projects\ShopSphere\.metadata\.plugins\org.eclipse.swt\EBWebView\Default
2026-08-26 04:32:55.808: [INFO] MostRecentlyActiveProfile: name=Profile 1 path=D:\Java_Devolpment\Projects\ShopSphere\.metadata\.plugins\org.eclipse.swt\EBWebView\Default lastActive=2026-08-26T04:28:06.310Z
2026-08-26 04:32:55.808: [INFO] OnDoneLoading sync enabled: 0
2026-08-26 04:32:55.808: [INFO] BookmarkModelLoaded, ids_reassigned: 0
2026-08-26 04:32:55.808: [INFO] BookmarksLoadDropped droppedNodes=0
2026-08-26 04:32:55.808: [INFO] BookmarksSnapshot Startup total=0 bar=0 other=0 mobile=0 showBar=0 showBarNTP=1
2026-08-26 04:37:09.444: [INFO] BookmarksSnapshot Shutdown total=0 bar=0 other=0 mobile=0 showBar=0 showBarNTP=1
2026-08-26 04:37:09.510: [INFO] CurrentProfilePath: D:\Java_Devolpment\Projects\ShopSphere\.metadata\.plugins\org.eclipse.swt\EBWebView\Default
2026-08-26 04:37:09.510: [INFO] Profiles total count: 1
2026-08-26 04:37:09.510: [INFO] Profile: name=Profile 1 path=D:\Java_Devolpment\Projects\ShopSphere\.metadata\.plugins\org.eclipse.swt\EBWebView\Default lastActive=2026-08-26T04:28:06.310Z
2026-08-26 04:37:09.510: [INFO] LastUsedProfileDir: D:\Java_Devolpment\Projects\ShopSphere\.metadata\.plugins\org.eclipse.swt\EBWebView\Default
2026-08-26 04:37:09.510: [INFO] MostRecentlyActiveProfile: name=Profile 1 path=D:\Java_Devolpment\Projects\ShopSphere\.metadata\.plugins\org.eclipse.swt\EBWebView\Default lastActive=2026-08-26T04:28:06.310Z
2026-08-26 04:37:09.510: [INFO] OnDoneLoading sync enabled: 0
2026-08-26 04:37:09.510: [INFO] BookmarkModelLoaded, ids_reassigned: 0
2026-08-26 04:37:09.510: [INFO] BookmarksLoadDropped droppedNodes=0
2026-08-26 04:37:09.510: [INFO] BookmarksSnapshot Startup total=0 bar=0 other=0 mobile=0 showBar=0 showBarNTP=1
2026-08-26 04:37:50.659: [INFO] BookmarksSnapshot Shutdown total=0 bar=0 other=0 mobile=0 showBar=0 showBarNTP=1
2026-08-26 04:37:50.730: [INFO] CurrentProfilePath: D:\Java_Devolpment\Projects\ShopSphere\.metadata\.plugins\org.eclipse.swt\EBWebView\Default
2026-08-26 04:37:50.730: [INFO] Profiles total count: 1
2026-08-26 04:37:50.730: [INFO] Profile: name=Profile 1 path=D:\Java_Devolpment\Projects\ShopSphere\.metadata\.plugins\org.eclipse.swt\EBWebView\Default lastActive=2026-08-26T04:28:06.310Z
2026-08-26 04:37:50.730: [INFO] LastUsedProfileDir: D:\Java_Devolpment\Projects\ShopSphere\.metadata\.plugins\org.eclipse.swt\EBWebView\Default
2026-08-26 04:37:50.730: [INFO] MostRecentlyActiveProfile: name=Profile 1 path=D:\Java_Devolpment\Projects\ShopSphere\.metadata\.plugins\org.eclipse.swt\EBWebView\Default lastActive=2026-08-26T04:28:06.310Z
2026-08-26 04:37:50.730: [INFO] OnDoneLoading sync enabled: 0
2026-08-26 04:37:50.730: [INFO] BookmarkModelLoaded, ids_reassigned: 0
2026-08-26 04:37:50.730: [INFO] BookmarksLoadDropped droppedNodes=0
2026-08-26 04:37:50.730: [INFO] BookmarksSnapshot Startup total=0 bar=0 other=0 mobile=0 showBar=0 showBarNTP=1
2026-08-26 04:48:02.503: [INFO] BookmarksSnapshot Shutdown total=0 bar=0 other=0 mobile=0 showBar=0 showBarNTP=1
2026-08-26 04:48:02.586: [INFO] CurrentProfilePath: D:\Java_Devolpment\Projects\ShopSphere\.metadata\.plugins\org.eclipse.swt\EBWebView\Default
2026-08-26 04:48:02.586: [INFO] Profiles total count: 1
2026-08-26 04:48:02.586: [INFO] Profile: name=Profile 1 path=D:\Java_Devolpment\Projects\ShopSphere\.metadata\.plugins\org.eclipse.swt\EBWebView\Default lastActive=2026-08-26T04:28:06.310Z
2026-08-26 04:48:02.586: [INFO] LastUsedProfileDir: D:\Java_Devolpment\Projects\ShopSphere\.metadata\.plugins\org.eclipse.swt\EBWebView\Default
2026-08-26 04:48:02.586: [INFO] MostRecentlyActiveProfile: name=Profile 1 path=D:\Java_Devolpment\Projects\ShopSphere\.metadata\.plugins\org.eclipse.swt\EBWebView\Default lastActive=2026-08-26T04:28:06.310Z
2026-08-26 04:48:02.586: [INFO] OnDoneLoading sync enabled: 0
2026-08-26 04:48:02.586: [INFO] BookmarkModelLoaded, ids_reassigned: 0
2026-08-26 04:48:02.586: [INFO] BookmarksLoadDropped droppedNodes=0
2026-08-26 04:48:02.586: [INFO] BookmarksSnapshot Startup total=0 bar=0 other=0 mobile=0 showBar=0 showBarNTP=1
2026-08-26 04:57:36.241: [INFO] BookmarksSnapshot Shutdown total=0 bar=0 other=0 mobile=0 showBar=0 showBarNTP=1
2026-08-26 05:07:40.439: [INFO] CurrentProfilePath: D:\Java_Devolpment\Projects\ShopSphere\.metadata\.plugins\org.eclipse.swt\EBWebView\Default
2026-08-26 05:07:40.439: [INFO] Profiles total count: 1
2026-08-26 05:07:40.440: [INFO] Profile: name=Profile 1 path=D:\Java_Devolpment\Projects\ShopSphere\.metadata\.plugins\org.eclipse.swt\EBWebView\Default lastActive=2026-08-26T04:28:06.310Z
2026-08-26 05:07:40.440: [INFO] LastUsedProfileDir: D:\Java_Devolpment\Projects\ShopSphere\.metadata\.plugins\org.eclipse.swt\EBWebView\Default
2026-08-26 05:07:40.440: [INFO] MostRecentlyActiveProfile: name=Profile 1 path=D:\Java_Devolpment\Projects\ShopSphere\.metadata\.plugins\org.eclipse.swt\EBWebView\Default lastActive=2026-08-26T04:28:06.310Z
2026-08-26 05:07:40.440: [INFO] OnDoneLoading sync enabled: 0
2026-08-26 05:07:40.440: [INFO] BookmarkModelLoaded, ids_reassigned: 0
2026-08-26 05:07:40.440: [INFO] BookmarksLoadDropped droppedNodes=0
2026-08-26 05:07:40.440: [INFO] BookmarksSnapshot Startup total=0 bar=0 other=0 mobile=0 showBar=0 showBarNTP=1
2026-08-26 05:10:42.108: [INFO] BookmarksSnapshot Shutdown total=0 bar=0 other=0 mobile=0 showBar=0 showBarNTP=1
2026-08-26 05:15:57.169: [INFO] CurrentProfilePath: D:\Java_Devolpment\Projects\ShopSphere\.metadata\.plugins\org.eclipse.swt\EBWebView\Default
2026-08-26 05:15:57.169: [INFO] Profiles total count: 1
2026-08-26 05:15:57.169: [INFO] Profile: name=Profile 1 path=D:\Java_Devolpment\Projects\ShopSphere\.metadata\.plugins\org.eclipse.swt\EBWebView\Default lastActive=2026-08-26T04:28:06.310Z
2026-08-26 05:15:57.169: [INFO] LastUsedProfileDir: D:\Java_Devolpment\Projects\ShopSphere\.metadata\.plugins\org.eclipse.swt\EBWebView\Default
2026-08-26 05:15:57.169: [INFO] MostRecentlyActiveProfile: name=Profile 1 path=D:\Java_Devolpment\Projects\ShopSphere\.metadata\.plugins\org.eclipse.swt\EBWebView\Default lastActive=2026-08-26T04:28:06.310Z
2026-08-26 05:15:57.169: [INFO] OnDoneLoading sync enabled: 0
2026-08-26 05:15:57.169: [INFO] BookmarkModelLoaded, ids_reassigned: 0
2026-08-26 05:15:57.169: [INFO] BookmarksLoadDropped droppedNodes=0
2026-08-26 05:15:57.169: [INFO] BookmarksSnapshot Startup total=0 bar=0 other=0 mobile=0 showBar=0 showBarNTP=1
2026-08-26 05:23:27.402: [INFO] BookmarksSnapshot Shutdown total=0 bar=0 other=0 mobile=0 showBar=0 showBarNTP=1
2026-08-26 05:23:27.468: [INFO] CurrentProfilePath: D:\Java_Devolpment\Projects\ShopSphere\.metadata\.plugins\org.eclipse.swt\EBWebView\Default
2026-08-26 05:23:27.468: [INFO] Profiles total count: 1
2026-08-26 05:23:27.468: [INFO] Profile: name=Profile 1 path=D:\Java_Devolpment\Projects\ShopSphere\.metadata\.plugins\org.eclipse.swt\EBWebView\Default lastActive=2026-08-26T04:28:06.310Z
2026-08-26 05:23:27.468: [INFO] LastUsedProfileDir: D:\Java_Devolpment\Projects\ShopSphere\.metadata\.plugins\org.eclipse.swt\EBWebView\Default
2026-08-26 05:23:27.468: [INFO] MostRecentlyActiveProfile: name=Profile 1 path=D:\Java_Devolpment\Projects\ShopSphere\.metadata\.plugins\org.eclipse.swt\EBWebView\Default lastActive=2026-08-26T04:28:06.310Z
2026-08-26 05:23:27.468: [INFO] OnDoneLoading sync enabled: 0
2026-08-26 05:23:27.468: [INFO] BookmarkModelLoaded, ids_reassigned: 0
2026-08-26 05:23:27.468: [INFO] BookmarksLoadDropped droppedNodes=0
2026-08-26 05:23:27.468: [INFO] BookmarksSnapshot Startup total=0 bar=0 other=0 mobile=0 showBar=0 showBarNTP=1
2026-08-26 05:27:04.475: [INFO] BookmarksSnapshot Shutdown total=0 bar=0 other=0 mobile=0 showBar=0 showBarNTP=1
2026-08-26 05:27:04.547: [INFO] CurrentProfilePath: D:\Java_Devolpment\Projects\ShopSphere\.metadata\.plugins\org.eclipse.swt\EBWebView\Default
2026-08-26 05:27:04.547: [INFO] Profiles total count: 1
2026-08-26 05:27:04.547: [INFO] Profile: name=Profile 1 path=D:\Java_Devolpment\Projects\ShopSphere\.metadata\.plugins\org.eclipse.swt\EBWebView\Default lastActive=2026-08-26T04:28:06.310Z
2026-08-26 05:27:04.547: [INFO] LastUsedProfileDir: D:\Java_Devolpment\Projects\ShopSphere\.metadata\.plugins\org.eclipse.swt\EBWebView\Default
2026-08-26 05:27:04.547: [INFO] MostRecentlyActiveProfile: name=Profile 1 path=D:\Java_Devolpment\Projects\ShopSphere\.metadata\.plugins\org.eclipse.swt\EBWebView\Default lastActive=2026-08-26T04:28:06.310Z
2026-08-26 05:27:04.547: [INFO] OnDoneLoading sync enabled: 0
2026-08-26 05:27:04.547: [INFO] BookmarkModelLoaded, ids_reassigned: 0
2026-08-26 05:27:04.547: [INFO] BookmarksLoadDropped droppedNodes=0
2026-08-26 05:27:04.547: [INFO] BookmarksSnapshot Startup total=0 bar=0 other=0 mobile=0 showBar=0 showBarNTP=1
2026-08-26 05:30:24.059: [INFO] BookmarksSnapshot Shutdown total=0 bar=0 other=0 mobile=0 showBar=0 showBarNTP=1
2026-08-26 05:30:43.882: [INFO] CurrentProfilePath: D:\Java_Devolpment\Projects\ShopSphere\.metadata\.plugins\org.eclipse.swt\EBWebView\Default
2026-08-26 05:30:43.882: [INFO] Profiles total count: 1
2026-08-26 05:30:43.883: [INFO] Profile: name=Profile 1 path=D:\Java_Devolpment\Projects\ShopSphere\.metadata\.plugins\org.eclipse.swt\EBWebView\Default lastActive=2026-08-26T04:28:06.310Z
2026-08-26 05:30:43.883: [INFO] LastUsedProfileDir: D:\Java_Devolpment\Projects\ShopSphere\.metadata\.plugins\org.eclipse.swt\EBWebView\Default
2026-08-26 05:30:43.883: [INFO] MostRecentlyActiveProfile: name=Profile 1 path=D:\Java_Devolpment\Projects\ShopSphere\.metadata\.plugins\org.eclipse.swt\EBWebView\Default lastActive=2026-08-26T04:28:06.310Z
2026-08-26 05:30:43.883: [INFO] OnDoneLoading sync enabled: 0
2026-08-26 05:30:43.883: [INFO] BookmarkModelLoaded, ids_reassigned: 0
2026-08-26 05:30:43.883: [INFO] BookmarksLoadDropped droppedNodes=0
2026-08-26 05:30:43.883: [INFO] BookmarksSnapshot Startup total=0 bar=0 other=0 mobile=0 showBar=0 showBarNTP=1
2026-08-26 05:33:20.842: [INFO] BookmarksSnapshot Shutdown total=0 bar=0 other=0 mobile=0 showBar=0 showBarNTP=1
2026-08-26 05:34:37.529: [INFO] CurrentProfilePath: D:\Java_Devolpment\Projects\ShopSphere\.metadata\.plugins\org.eclipse.swt\EBWebView\Default
2026-08-26 05:34:37.529: [INFO] Profiles total count: 1
2026-08-26 05:34:37.530: [INFO] Profile: name=Profile 1 path=D:\Java_Devolpment\Projects\ShopSphere\.metadata\.plugins\org.eclipse.swt\EBWebView\Default lastActive=2026-08-26T04:28:06.310Z
2026-08-26 05:34:37.530: [INFO] LastUsedProfileDir: D:\Java_Devolpment\Projects\ShopSphere\.metadata\.plugins\org.eclipse.swt\EBWebView\Default
2026-08-26 05:34:37.530: [INFO] MostRecentlyActiveProfile: name=Profile 1 path=D:\Java_Devolpment\Projects\ShopSphere\.metadata\.plugins\org.eclipse.swt\EBWebView\Default lastActive=2026-08-26T04:28:06.310Z
2026-08-26 05:34:37.530: [INFO] OnDoneLoading sync enabled: 0
2026-08-26 05:34:37.530: [INFO] BookmarkModelLoaded, ids_reassigned: 0
2026-08-26 05:34:37.530: [INFO] BookmarksLoadDropped droppedNodes=0
2026-08-26 05:34:37.530: [INFO] BookmarksSnapshot Startup total=0 bar=0 other=0 mobile=0 showBar=0 showBarNTP=1
2026-08-26 05:34:37.646: [INFO] BookmarksSnapshot Shutdown total=0 bar=0 other=0 mobile=0 showBar=0 showBarNTP=1
2026-08-26 05:36:17.575: [INFO] CurrentProfilePath: D:\Java_Devolpment\Projects\ShopSphere\.metadata\.plugins\org.eclipse.swt\EBWebView\Default
2026-08-26 05:36:17.575: [INFO] Profiles total count: 1
2026-08-26 05:36:17.575: [INFO] Profile: name=Profile 1 path=D:\Java_Devolpment\Projects\ShopSphere\.metadata\.plugins\org.eclipse.swt\EBWebView\Default lastActive=2026-08-26T04:28:06.310Z
2026-08-26 05:36:17.575: [INFO] LastUsedProfileDir: D:\Java_Devolpment\Projects\ShopSphere\.metadata\.plugins\org.eclipse.swt\EBWebView\Default
2026-08-26 05:36:17.575: [INFO] MostRecentlyActiveProfile: name=Profile 1 path=D:\Java_Devolpment\Projects\ShopSphere\.metadata\.plugins\org.eclipse.swt\EBWebView\Default lastActive=2026-08-26T04:28:06.310Z
2026-08-26 05:36:17.575: [INFO] OnDoneLoading sync enabled: 0
2026-08-26 05:36:17.575: [INFO] BookmarkModelLoaded, ids_reassigned: 0
2026-08-26 05:36:17.575: [INFO] BookmarksLoadDropped droppedNodes=0
2026-08-26 05:36:17.575: [INFO] BookmarksSnapshot Startup total=0 bar=0 other=0 mobile=0 showBar=0 showBarNTP=1
2026-08-26 05:36:17.745: [INFO] BookmarksSnapshot Shutdown total=0 bar=0 other=0 mobile=0 showBar=0 showBarNTP=1
2026-08-26 05:50:40.567: [INFO] CurrentProfilePath: D:\Java_Devolpment\Projects\ShopSphere\.metadata\.plugins\org.eclipse.swt\EBWebView\Default
2026-08-26 05:50:40.567: [INFO] Profiles total count: 1
2026-08-26 05:50:40.569: [INFO] Profile: name=Profile 1 path=D:\Java_Devolpment\Projects\ShopSphere\.metadata\.plugins\org.eclipse.swt\EBWebView\Default lastActive=2026-08-26T04:28:06.310Z
2026-08-26 05:50:40.569: [INFO] LastUsedProfileDir: D:\Java_Devolpment\Projects\ShopSphere\.metadata\.plugins\org.eclipse.swt\EBWebView\Default
2026-08-26 05:50:40.569: [INFO] MostRecentlyActiveProfile: name=Profile 1 path=D:\Java_Devolpment\Projects\ShopSphere\.metadata\.plugins\org.eclipse.swt\EBWebView\Default lastActive=2026-08-26T04:28:06.310Z
2026-08-26 05:50:40.569: [INFO] OnDoneLoading sync enabled: 0
2026-08-26 05:50:40.569: [INFO] BookmarkModelLoaded, ids_reassigned: 0
2026-08-26 05:50:40.569: [INFO] BookmarksLoadDropped droppedNodes=0
2026-08-26 05:50:40.569: [INFO] BookmarksSnapshot Startup total=0 bar=0 other=0 mobile=0 showBar=0 showBarNTP=1
2026-08-26 06:17:59.831: [INFO] BookmarksSnapshot Shutdown total=0 bar=0 other=0 mobile=0 showBar=0 showBarNTP=1
